AÑO,MES,DISTRITO,FUEGOS,DAÑOS EN CONSTRUCCION,SALVAMENTOS Y RESCATES,DAÑOS POR AGUA,INCIDENTES DIVERSOS,SALIDAS SIN INTERVENCION,SERVICIOS VARIOS,TOTAL
2017,Agosto,CENTRO,47.0,20.0,44.0,26.0,34.0,19.0,9.0,199.0
2017,Agosto,ARGANZUELA,24.0,5.0,20.0,15.0,28.0,13.0,3.0,108.0
2017,Agosto,RETIRO,11.0,7.0,12.0,9.0,30.0,3.0,1.0,73.0
2017,Agosto,SALAMANCA,19.0,12.0,20.0,17.0,32.0,4.0,1.0,105.0
2017,Agosto,CHAMARTIN,15.0,6.0,21.0,8.0,34.0,11.0,2.0,97.0
2017,Agosto,TETUAN,18.0,10.0,27.0,13.0,20.0,14.0,1.0,103.0
2017,Agosto,CHAMBERI,17.0,11.0,22.0,6.0,18.0,8.0,1.0,83.0
2017,Agosto,FUENCARRAL,34.0,3.0,25.0,7.0,38.0,15.0,2.0,124.0
2017,Agosto,MONCLOA,16.0,1.0,25.0,6.0,27.0,7.0,2.0,84.0
2017,Agosto,LATINA,24.0,4.0,29.0,19.0,33.0,8.0,1.0,118.0
2017,Agosto,CARABANCHEL,58.0,9.0,35.0,13.0,35.0,19.0,1.0,170.0
2017,Agosto,USERA,47.0,4.0,15.0,6.0,14.0,10.0,1.0,97.0
2017,Agosto,PUENTE VALLECAS,42.0,6.0,36.0,12.0,26.0,14.0,1.0,137.0
2017,Agosto,MORATALAZ,17.0,0.0,12.0,5.0,10.0,10.0,0.0,54.0
2017,Agosto,CIUDAD LINEAL,17.0,4.0,27.0,19.0,58.0,11.0,0.0,136.0
2017,Agosto,HORTALEZA,17.0,1.0,18.0,12.0,57.0,7.0,0.0,112.0
2017,Agosto,VILLAVERDE,54.0,8.0,17.0,13.0,25.0,13.0,1.0,131.0
2017,Agosto,VILLA DE VALLECAS,24.0,2.0,14.0,6.0,12.0,14.0,0.0,72.0
2017,Agosto,VICALVARO,31.0,1.0,4.0,4.0,5.0,13.0,1.0,59.0
2017,Agosto,SAN BLAS,16.0,2.0,20.0,13.0,31.0,8.0,0.0,90.0
2017,Agosto,BARAJAS,7.0,3.0,6.0,2.0,6.0,7.0,0.0,31.0
2017,Septiembre,CENTRO,38.0,14.0,33.0,11.0,34.0,19.0,6.0,155.0
2017,Septiembre,ARGANZUELA,31.0,9.0,28.0,7.0,14.0,11.0,10.0,110.0
2017,Septiembre,RETIRO,8.0,6.0,13.0,6.0,20.0,4.0,2.0,59.0
2017,Septiembre,SALAMANCA,23.0,5.0,18.0,11.0,25.0,10.0,0.0,92.0
2017,Septiembre,CHAMARTIN,13.0,13.0,18.0,7.0,20.0,9.0,5.0,85.0
2017,Septiembre,TETUAN,20.0,7.0,21.0,6.0,8.0,6.0,1.0,69.0
2017,Septiembre,CHAMBERI,24.0,9.0,28.0,5.0,25.0,9.0,2.0,102.0
2017,Septiembre,FUENCARRAL,20.0,1.0,17.0,2.0,27.0,13.0,9.0,89.0
2017,Septiembre,MONCLOA,21.0,5.0,25.0,6.0,17.0,8.0,5.0,87.0
2017,Septiembre,LATINA,24.0,2.0,24.0,8.0,20.0,14.0,7.0,99.0
2017,Septiembre,CARABANCHEL,43.0,6.0,26.0,8.0,29.0,15.0,4.0,131.0
2017,Septiembre,USERA,20.0,2.0,12.0,3.0,20.0,7.0,19.0,83.0
2017,Septiembre,PUENTE VALLECAS,41.0,7.0,33.0,2.0,16.0,11.0,6.0,116.0
2017,Septiembre,MORATALAZ,15.0,0.0,11.0,1.0,2.0,2.0,1.0,32.0
2017,Septiembre,CIUDAD LINEAL,27.0,6.0,29.0,1.0,21.0,11.0,4.0,99.0
2017,Septiembre,HORTALEZA,17.0,2.0,12.0,4.0,27.0,11.0,1.0,74.0
2017,Septiembre,VILLAVERDE,32.0,4.0,15.0,3.0,9.0,8.0,2.0,73.0
2017,Septiembre,VILLA DE VALLECAS,23.0,2.0,21.0,1.0,6.0,10.0,4.0,67.0
2017,Septiembre,VICALVARO,10.0,0.0,5.0,0.0,5.0,3.0,0.0,23.0
2017,Septiembre,SAN BLAS,20.0,2.0,16.0,5.0,18.0,9.0,5.0,75.0
2017,Septiembre,BARAJAS,2.0,2.0,10.0,3.0,5.0,5.0,1.0,28.0
2017,Septiembre,FUERA TERMINO MUNICIPAL,1.0,0.0,0.0,0.0,0.0,0.0,1.0,2.0
2017,Octubre,CENTRO,32.0,17.0,43.0,13.0,33.0,16.0,12.0,166.0
2017,Octubre,ARGANZUELA,12.0,2.0,23.0,8.0,15.0,13.0,6.0,79.0
2017,Octubre,RETIRO,11.0,3.0,13.0,6.0,11.0,3.0,2.0,49.0
2017,Octubre,SALAMANCA,18.0,11.0,19.0,6.0,20.0,8.0,1.0,83.0
2017,Octubre,CHAMARTIN,16.0,6.0,20.0,5.0,18.0,11.0,7.0,83.0
2017,Octubre,TETUAN,10.0,6.0,27.0,6.0,14.0,11.0,2.0,76.0
2017,Octubre,CHAMBERI,22.0,7.0,23.0,10.0,17.0,13.0,2.0,94.0
2017,Octubre,FUENCARRAL,33.0,3.0,18.0,12.0,13.0,11.0,8.0,98.0
2017,Octubre,MONCLOA,15.0,5.0,22.0,14.0,13.0,10.0,6.0,85.0
2017,Octubre,LATINA,29.0,4.0,30.0,10.0,17.0,12.0,19.0,121.0
2017,Octubre,CARABANCHEL,50.0,7.0,21.0,14.0,21.0,14.0,10.0,137.0
2017,Octubre,USERA,26.0,3.0,14.0,7.0,6.0,8.0,6.0,70.0
2017,Octubre,PUENTE VALLECAS,32.0,5.0,22.0,4.0,20.0,20.0,6.0,109.0
2017,Octubre,MORATALAZ,10.0,3.0,10.0,7.0,5.0,7.0,2.0,44.0
2017,Octubre,CIUDAD LINEAL,24.0,2.0,28.0,11.0,20.0,13.0,3.0,101.0
2017,Octubre,HORTALEZA,24.0,1.0,18.0,6.0,12.0,7.0,6.0,74.0
2017,Octubre,VILLAVERDE,34.0,2.0,13.0,6.0,15.0,4.0,6.0,80.0
2017,Octubre,VILLA DE VALLECAS,27.0,2.0,8.0,4.0,4.0,14.0,1.0,60.0
2017,Octubre,VICALVARO,10.0,2.0,8.0,0.0,6.0,6.0,3.0,35.0
2017,Octubre,SAN BLAS,17.0,1.0,18.0,2.0,20.0,7.0,3.0,68.0
2017,Octubre,BARAJAS,14.0,0.0,4.0,5.0,3.0,8.0,0.0,34.0
2017,Octubre,FUERA TERMINO MUNICIPAL,0.0,0.0,0.0,0.0,0.0,0.0,1.0,1.0
2017,Noviembre,CENTRO,30.0,23.0,23.0,17.0,31.0,17.0,25.0,166.0
2017,Noviembre,ARGANZUELA,21.0,9.0,24.0,11.0,17.0,8.0,7.0,97.0
2017,Noviembre,RETIRO,8.0,4.0,11.0,7.0,7.0,3.0,2.0,42.0
2017,Noviembre,SALAMANCA,17.0,6.0,12.0,9.0,15.0,9.0,4.0,72.0
2017,Noviembre,CHAMARTIN,20.0,2.0,20.0,9.0,11.0,8.0,6.0,76.0
2017,Noviembre,TETUAN,20.0,6.0,23.0,7.0,14.0,14.0,6.0,90.0
2017,Noviembre,CHAMBERI,11.0,4.0,23.0,12.0,13.0,12.0,4.0,79.0
2017,Noviembre,FUENCARRAL,22.0,4.0,28.0,8.0,11.0,12.0,3.0,88.0
2017,Noviembre,MONCLOA,20.0,3.0,21.0,7.0,21.0,9.0,5.0,86.0
2017,Noviembre,LATINA,26.0,3.0,19.0,3.0,18.0,13.0,29.0,111.0
2017,Noviembre,CARABANCHEL,40.0,7.0,31.0,12.0,20.0,16.0,11.0,137.0
2017,Noviembre,USERA,15.0,3.0,16.0,6.0,5.0,6.0,1.0,52.0
2017,Noviembre,PUENTE VALLECAS,33.0,4.0,20.0,3.0,17.0,13.0,3.0,93.0
2017,Noviembre,MORATALAZ,13.0,0.0,9.0,4.0,3.0,5.0,1.0,35.0
2017,Noviembre,CIUDAD LINEAL,25.0,6.0,22.0,11.0,21.0,13.0,1.0,99.0
2017,Noviembre,HORTALEZA,20.0,1.0,12.0,2.0,13.0,10.0,2.0,60.0
2017,Noviembre,VILLAVERDE,31.0,2.0,10.0,5.0,15.0,7.0,8.0,78.0
2017,Noviembre,VILLA DE VALLECAS,30.0,3.0,13.0,2.0,11.0,14.0,1.0,74.0
2017,Noviembre,VICALVARO,10.0,1.0,7.0,1.0,4.0,5.0,0.0,28.0
2017,Noviembre,SAN BLAS,13.0,2.0,19.0,5.0,14.0,7.0,3.0,63.0
2017,Noviembre,BARAJAS,7.0,0.0,1.0,2.0,4.0,2.0,2.0,18.0
2017,Diciembre,CENTRO,28.0,21.0,36.0,27.0,33.0,26.0,15.0,186.0
2017,Diciembre,ARGANZUELA,22.0,8.0,19.0,16.0,12.0,5.0,3.0,85.0
2017,Diciembre,RETIRO,13.0,5.0,18.0,7.0,9.0,11.0,20.0,83.0
2017,Diciembre,SALAMANCA,20.0,4.0,17.0,12.0,20.0,12.0,4.0,89.0
2017,Diciembre,CHAMARTIN,23.0,6.0,20.0,13.0,24.0,6.0,14.0,106.0
2017,Diciembre,TETUAN,23.0,7.0,23.0,12.0,19.0,11.0,2.0,97.0
2017,Diciembre,CHAMBERI,12.0,9.0,20.0,17.0,17.0,6.0,1.0,82.0
2017,Diciembre,FUENCARRAL,34.0,4.0,23.0,10.0,31.0,10.0,3.0,115.0
2017,Diciembre,MONCLOA,17.0,3.0,25.0,11.0,10.0,17.0,3.0,86.0
2017,Diciembre,LATINA,27.0,5.0,33.0,17.0,36.0,7.0,10.0,135.0
2017,Diciembre,CARABANCHEL,54.0,7.0,25.0,12.0,30.0,18.0,4.0,150.0
2017,Diciembre,USERA,30.0,0.0,16.0,4.0,16.0,9.0,4.0,79.0
2017,Diciembre,PUENTE VALLECAS,39.0,9.0,32.0,12.0,31.0,16.0,2.0,141.0
2017,Diciembre,MORATALAZ,5.0,2.0,9.0,2.0,12.0,3.0,0.0,33.0
2017,Diciembre,CIUDAD LINEAL,21.0,3.0,21.0,15.0,24.0,12.0,0.0,96.0
2017,Diciembre,HORTALEZA,27.0,4.0,21.0,5.0,19.0,10.0,2.0,88.0
2017,Diciembre,VILLAVERDE,34.0,5.0,12.0,3.0,15.0,7.0,1.0,77.0
2017,Diciembre,VILLA DE VALLECAS,24.0,2.0,3.0,6.0,7.0,12.0,1.0,55.0
2017,Diciembre,VICALVARO,15.0,0.0,5.0,1.0,7.0,6.0,1.0,35.0
2017,Diciembre,SAN BLAS,12.0,7.0,13.0,7.0,13.0,6.0,9.0,67.0
2017,Diciembre,BARAJAS,4.0,6.0,7.0,0.0,5.0,3.0,0.0,25.0
2018,Enero,CENTRO,22.0,31.0,38.0,21.0,32.0,14.0,6.0,164.0
2018,Enero,ARGANZUELA,15.0,2.0,21.0,7.0,15.0,18.0,9.0,87.0
2018,Enero,RETIRO,8.0,2.0,18.0,3.0,7.0,8.0,4.0,50.0
2018,Enero,SALAMANCA,16.0,7.0,25.0,8.0,13.0,8.0,3.0,80.0
2018,Enero,CHAMARTIN,18.0,6.0,19.0,10.0,22.0,5.0,5.0,85.0
2018,Enero,TETUAN,11.0,4.0,24.0,8.0,18.0,5.0,4.0,74.0
2018,Enero,CHAMBERI,16.0,8.0,25.0,9.0,13.0,10.0,4.0,85.0
2018,Enero,FUENCARRAL,19.0,4.0,25.0,10.0,19.0,12.0,7.0,96.0
2018,Enero,MONCLOA,18.0,5.0,14.0,7.0,15.0,13.0,1.0,73.0
2018,Enero,LATINA,22.0,4.0,30.0,13.0,19.0,10.0,4.0,102.0
2018,Enero,CARABANCHEL,45.0,5.0,32.0,6.0,19.0,14.0,5.0,126.0
2018,Enero,USERA,27.0,5.0,20.0,2.0,7.0,2.0,4.0,67.0
2018,Enero,PUENTE VALLECAS,41.0,6.0,29.0,11.0,18.0,19.0,7.0,131.0
2018,Enero,MORATALAZ,4.0,0.0,7.0,3.0,5.0,8.0,2.0,29.0
2018,Enero,CIUDAD LINEAL,33.0,13.0,27.0,12.0,17.0,11.0,6.0,119.0
2018,Enero,HORTALEZA,19.0,3.0,15.0,6.0,6.0,12.0,2.0,63.0
2018,Enero,VILLAVERDE,43.0,2.0,22.0,7.0,12.0,8.0,2.0,96.0
2018,Enero,VILLA DE VALLECAS,24.0,1.0,9.0,3.0,8.0,6.0,4.0,55.0
2018,Enero,VICALVARO,8.0,3.0,6.0,3.0,4.0,8.0,2.0,34.0
2018,Enero,SAN BLAS,19.0,3.0,23.0,7.0,11.0,5.0,5.0,73.0
2018,Enero,BARAJAS,5.0,0.0,3.0,3.0,6.0,4.0,1.0,22.0
2018,Febrero,CENTRO,25.0,23.0,31.0,18.0,31.0,21.0,5.0,154.0
2018,Febrero,ARGANZUELA,20.0,10.0,12.0,8.0,8.0,6.0,10.0,74.0
2018,Febrero,RETIRO,6.0,7.0,13.0,3.0,15.0,2.0,1.0,47.0
2018,Febrero,SALAMANCA,19.0,13.0,18.0,6.0,10.0,7.0,3.0,76.0
2018,Febrero,CHAMARTIN,20.0,6.0,12.0,9.0,19.0,6.0,10.0,82.0
2018,Febrero,TETUAN,20.0,12.0,22.0,9.0,14.0,10.0,7.0,94.0
2018,Febrero,CHAMBERI,21.0,12.0,19.0,16.0,15.0,13.0,3.0,99.0
2018,Febrero,FUENCARRAL,19.0,1.0,24.0,6.0,24.0,10.0,3.0,87.0
2018,Febrero,MONCLOA,15.0,7.0,13.0,8.0,17.0,8.0,2.0,70.0
2018,Febrero,LATINA,14.0,6.0,21.0,14.0,22.0,8.0,6.0,91.0
2018,Febrero,CARABANCHEL,30.0,5.0,16.0,10.0,23.0,9.0,4.0,97.0
2018,Febrero,USERA,11.0,2.0,14.0,9.0,8.0,6.0,3.0,53.0
2018,Febrero,PUENTE VALLECAS,27.0,5.0,25.0,13.0,17.0,13.0,4.0,104.0
2018,Febrero,MORATALAZ,9.0,5.0,13.0,3.0,1.0,3.0,1.0,35.0
2018,Febrero,CIUDAD LINEAL,17.0,4.0,14.0,9.0,20.0,10.0,0.0,74.0
2018,Febrero,HORTALEZA,13.0,2.0,13.0,6.0,14.0,12.0,2.0,62.0
2018,Febrero,VILLAVERDE,31.0,2.0,15.0,3.0,10.0,7.0,2.0,70.0
2018,Febrero,VILLA DE VALLECAS,17.0,2.0,5.0,6.0,12.0,6.0,0.0,48.0
2018,Febrero,VICALVARO,11.0,1.0,7.0,7.0,5.0,2.0,0.0,33.0
2018,Febrero,SAN BLAS,11.0,2.0,19.0,6.0,12.0,5.0,4.0,59.0
2018,Febrero,BARAJAS,6.0,3.0,4.0,0.0,2.0,5.0,2.0,22.0
2018,Febrero,FUERA TERMINO MUNICIPAL,1.0,0.0,0.0,0.0,0.0,0.0,0.0,1.0
2018,Marzo,CENTRO,46.0,63.0,32.0,26.0,57.0,21.0,6.0,251.0
2018,Marzo,ARGANZUELA,13.0,15.0,24.0,11.0,48.0,14.0,14.0,139.0
2018,Marzo,RETIRO,6.0,17.0,19.0,12.0,45.0,8.0,2.0,109.0
2018,Marzo,SALAMANCA,15.0,24.0,13.0,17.0,47.0,14.0,5.0,135.0
2018,Marzo,CHAMARTIN,16.0,19.0,16.0,12.0,76.0,22.0,6.0,167.0
2018,Marzo,TETUAN,18.0,27.0,18.0,17.0,34.0,12.0,0.0,126.0
2018,Marzo,CHAMBERI,21.0,40.0,15.0,14.0,41.0,11.0,1.0,143.0
2018,Marzo,FUENCARRAL,15.0,14.0,25.0,21.0,91.0,24.0,2.0,192.0
2018,Marzo,MONCLOA,17.0,21.0,20.0,17.0,125.0,21.0,1.0,222.0
2018,Marzo,LATINA,29.0,25.0,25.0,13.0,115.0,26.0,11.0,244.0
2018,Marzo,CARABANCHEL,35.0,29.0,25.0,17.0,85.0,16.0,7.0,214.0
2018,Marzo,USERA,9.0,14.0,10.0,8.0,30.0,11.0,4.0,86.0
2018,Marzo,PUENTE VALLECAS,25.0,22.0,22.0,10.0,70.0,18.0,8.0,175.0
2018,Marzo,MORATALAZ,13.0,7.0,6.0,4.0,55.0,9.0,1.0,95.0
2018,Marzo,CIUDAD LINEAL,30.0,23.0,18.0,14.0,105.0,19.0,2.0,211.0
2018,Marzo,HORTALEZA,14.0,13.0,23.0,9.0,105.0,11.0,1.0,176.0
2018,Marzo,VILLAVERDE,25.0,16.0,25.0,7.0,46.0,13.0,9.0,141.0
2018,Marzo,VILLA DE VALLECAS,16.0,13.0,8.0,4.0,22.0,7.0,0.0,70.0
2018,Marzo,VICALVARO,9.0,2.0,5.0,11.0,3.0,10.0,1.0,41.0
2018,Marzo,SAN BLAS,7.0,17.0,13.0,4.0,86.0,12.0,6.0,145.0
2018,Marzo,BARAJAS,1.0,5.0,10.0,6.0,16.0,7.0,0.0,45.0
2018,Abril,CENTRO,31.0,27.0,27.0,10.0,35.0,21.0,11.0,162.0
2018,Abril,ARGANZUELA,24.0,6.0,20.0,4.0,27.0,9.0,5.0,95.0
2018,Abril,RETIRO,12.0,11.0,8.0,7.0,18.0,5.0,2.0,63.0
2018,Abril,SALAMANCA,13.0,23.0,18.0,5.0,26.0,17.0,5.0,107.0
2018,Abril,CHAMARTIN,24.0,13.0,15.0,5.0,25.0,9.0,7.0,98.0
2018,Abril,TETUAN,16.0,9.0,15.0,7.0,16.0,12.0,6.0,81.0
2018,Abril,CHAMBERI,21.0,19.0,23.0,9.0,8.0,5.0,4.0,89.0
2018,Abril,FUENCARRAL,25.0,10.0,28.0,4.0,28.0,9.0,11.0,115.0
2018,Abril,MONCLOA,19.0,8.0,17.0,4.0,24.0,9.0,1.0,82.0
2018,Abril,LATINA,39.0,8.0,18.0,12.0,31.0,16.0,40.0,164.0
2018,Abril,CARABANCHEL,61.0,11.0,23.0,8.0,28.0,15.0,4.0,150.0
2018,Abril,USERA,17.0,3.0,18.0,5.0,16.0,6.0,5.0,70.0
2018,Abril,PUENTE VALLECAS,32.0,12.0,38.0,10.0,21.0,9.0,3.0,125.0
2018,Abril,MORATALAZ,8.0,3.0,9.0,4.0,8.0,4.0,0.0,36.0
2018,Abril,CIUDAD LINEAL,19.0,11.0,25.0,7.0,31.0,4.0,6.0,103.0
2018,Abril,HORTALEZA,23.0,5.0,18.0,5.0,32.0,7.0,5.0,95.0
2018,Abril,VILLAVERDE,40.0,1.0,19.0,2.0,18.0,11.0,4.0,95.0
2018,Abril,VILLA DE VALLECAS,24.0,0.0,12.0,2.0,9.0,3.0,1.0,51.0
2018,Abril,VICALVARO,8.0,1.0,6.0,3.0,3.0,4.0,0.0,25.0
2018,Abril,SAN BLAS,16.0,1.0,17.0,6.0,30.0,8.0,6.0,84.0
2018,Abril,BARAJAS,4.0,0.0,4.0,2.0,8.0,2.0,0.0,20.0
2018,Abril,FUERA TERMINO MUNICIPAL,0.0,0.0,1.0,0.0,1.0,0.0,0.0,2.0
2018,Mayo,CENTRO,26.0,38.0,43.0,20.0,45.0,19.0,6.0,197.0
2018,Mayo,ARGANZUELA,10.0,12.0,19.0,8.0,25.0,10.0,11.0,95.0
2018,Mayo,RETIRO,12.0,10.0,10.0,1.0,26.0,6.0,6.0,71.0
2018,Mayo,SALAMANCA,19.0,14.0,22.0,16.0,44.0,9.0,2.0,126.0
2018,Mayo,CHAMARTIN,17.0,18.0,28.0,12.0,39.0,9.0,8.0,131.0
2018,Mayo,TETUAN,12.0,17.0,21.0,14.0,23.0,16.0,9.0,112.0
2018,Mayo,CHAMBERI,13.0,17.0,16.0,10.0,24.0,11.0,2.0,93.0
2018,Mayo,FUENCARRAL,26.0,3.0,26.0,7.0,26.0,10.0,9.0,107.0
2018,Mayo,MONCLOA,12.0,8.0,18.0,8.0,27.0,10.0,4.0,87.0
2018,Mayo,LATINA,21.0,9.0,21.0,12.0,50.0,7.0,9.0,129.0
2018,Mayo,CARABANCHEL,35.0,11.0,27.0,8.0,46.0,13.0,7.0,147.0
2018,Mayo,USERA,21.0,4.0,18.0,5.0,18.0,5.0,1.0,72.0
2018,Mayo,PUENTE VALLECAS,29.0,12.0,16.0,17.0,31.0,16.0,13.0,134.0
2018,Mayo,MORATALAZ,7.0,2.0,12.0,6.0,9.0,3.0,0.0,39.0
2018,Mayo,CIUDAD LINEAL,27.0,12.0,29.0,16.0,66.0,11.0,4.0,165.0
2018,Mayo,HORTALEZA,16.0,7.0,19.0,7.0,38.0,9.0,4.0,100.0
2018,Mayo,VILLAVERDE,29.0,3.0,17.0,7.0,29.0,4.0,2.0,91.0
2018,Mayo,VILLA DE VALLECAS,27.0,2.0,15.0,3.0,10.0,7.0,0.0,64.0
2018,Mayo,VICALVARO,12.0,2.0,4.0,8.0,4.0,11.0,0.0,41.0
2018,Mayo,SAN BLAS,14.0,6.0,23.0,11.0,27.0,9.0,3.0,93.0
2018,Mayo,BARAJAS,2.0,0.0,8.0,0.0,9.0,1.0,0.0,20.0
2018,Mayo,FUERA TERMINO MUNICIPAL,0.0,0.0,1.0,0.0,0.0,0.0,0.0,1.0
2018,Junio,CENTRO,24.0,26.0,32.0,14.0,49.0,25.0,6.0,176.0
2018,Junio,ARGANZUELA,27.0,4.0,22.0,7.0,32.0,12.0,3.0,107.0
2018,Junio,RETIRO,15.0,5.0,14.0,5.0,33.0,8.0,4.0,84.0
2018,Junio,SALAMANCA,19.0,17.0,30.0,9.0,40.0,6.0,4.0,125.0
2018,Junio,CHAMARTIN,15.0,7.0,20.0,3.0,46.0,10.0,5.0,106.0
2018,Junio,TETUAN,16.0,12.0,26.0,9.0,22.0,10.0,9.0,104.0
2018,Junio,CHAMBERI,8.0,14.0,29.0,9.0,40.0,13.0,5.0,118.0
2018,Junio,FUENCARRAL,40.0,6.0,43.0,13.0,37.0,16.0,17.0,172.0
2018,Junio,MONCLOA,11.0,7.0,18.0,10.0,33.0,12.0,9.0,100.0
2018,Junio,LATINA,23.0,4.0,45.0,11.0,63.0,6.0,5.0,157.0
2018,Junio,CARABANCHEL,38.0,6.0,38.0,5.0,51.0,15.0,4.0,157.0
2018,Junio,USERA,18.0,3.0,18.0,7.0,24.0,8.0,3.0,81.0
2018,Junio,PUENTE VALLECAS,33.0,7.0,35.0,5.0,51.0,15.0,43.0,189.0
2018,Junio,MORATALAZ,4.0,1.0,13.0,3.0,15.0,9.0,2.0,47.0
2018,Junio,CIUDAD LINEAL,28.0,5.0,27.0,10.0,84.0,15.0,5.0,174.0
2018,Junio,HORTALEZA,14.0,5.0,23.0,6.0,47.0,8.0,3.0,106.0
2018,Junio,VILLAVERDE,50.0,4.0,17.0,5.0,26.0,12.0,13.0,127.0
2018,Junio,VILLA DE VALLECAS,33.0,2.0,13.0,1.0,16.0,7.0,2.0,74.0
2018,Junio,VICALVARO,9.0,1.0,19.0,3.0,6.0,5.0,2.0,45.0
2018,Junio,SAN BLAS,13.0,5.0,15.0,3.0,41.0,8.0,4.0,89.0
2018,Junio,BARAJAS,4.0,0.0,12.0,2.0,10.0,3.0,0.0,31.0
2018,Junio,SIN DISTRITO,1.0,0.0,0.0,0.0,0.0,0.0,0.0,1.0
2018,Julio,CENTRO,38.0,25.0,48.0,19.0,44.0,23.0,5.0,202.0
2018,Julio,ARGANZUELA,12.0,6.0,36.0,7.0,33.0,7.0,1.0,102.0
2018,Julio,RETIRO,14.0,7.0,13.0,4.0,31.0,5.0,2.0,76.0
2018,Julio,SALAMANCA,17.0,9.0,22.0,9.0,40.0,11.0,2.0,110.0
2018,Julio,CHAMARTIN,15.0,7.0,21.0,5.0,27.0,6.0,1.0,82.0
2018,Julio,TETUAN,20.0,5.0,17.0,7.0,20.0,9.0,2.0,80.0
2018,Julio,CHAMBERI,27.0,11.0,21.0,12.0,25.0,11.0,1.0,108.0
2018,Julio,FUENCARRAL,56.0,4.0,35.0,18.0,36.0,17.0,0.0,166.0
2018,Julio,MONCLOA,23.0,9.0,26.0,8.0,38.0,13.0,1.0,118.0
2018,Julio,LATINA,44.0,6.0,24.0,7.0,43.0,13.0,3.0,140.0
2018,Julio,CARABANCHEL,43.0,7.0,32.0,12.0,33.0,15.0,2.0,144.0
2018,Julio,USERA,31.0,2.0,14.0,8.0,24.0,9.0,3.0,91.0
2018,Julio,PUENTE VALLECAS,50.0,6.0,22.0,14.0,37.0,13.0,4.0,146.0
2018,Julio,MORATALAZ,14.0,1.0,16.0,1.0,12.0,5.0,0.0,49.0
2018,Julio,CIUDAD LINEAL,31.0,5.0,24.0,8.0,74.0,7.0,0.0,149.0
2018,Julio,HORTALEZA,34.0,6.0,26.0,1.0,40.0,16.0,1.0,124.0
2018,Julio,VILLAVERDE,84.0,2.0,14.0,6.0,40.0,4.0,2.0,152.0
2018,Julio,VILLA DE VALLECAS,81.0,1.0,21.0,8.0,8.0,17.0,0.0,136.0
2018,Julio,VICALVARO,24.0,1.0,7.0,3.0,8.0,5.0,1.0,49.0
2018,Julio,SAN BLAS,26.0,4.0,22.0,9.0,39.0,9.0,2.0,111.0
2018,Julio,BARAJAS,6.0,3.0,15.0,4.0,9.0,6.0,1.0,44.0
2018,Agosto,CENTRO,29.0,15.0,36.0,23.0,44.0,15.0,4.0,166.0
2018,Agosto,ARGANZUELA,21.0,5.0,22.0,16.0,35.0,7.0,3.0,109.0
2018,Agosto,RETIRO,13.0,5.0,11.0,8.0,28.0,3.0,0.0,68.0
2018,Agosto,SALAMANCA,18.0,12.0,20.0,19.0,28.0,8.0,1.0,106.0
2018,Agosto,CHAMARTIN,12.0,9.0,28.0,9.0,36.0,3.0,2.0,99.0
2018,Agosto,TETUAN,16.0,5.0,22.0,13.0,19.0,10.0,0.0,85.0
2018,Agosto,CHAMBERI,16.0,8.0,20.0,12.0,23.0,4.0,0.0,83.0
2018,Agosto,FUENCARRAL,42.0,4.0,25.0,7.0,50.0,9.0,1.0,138.0
2018,Agosto,MONCLOA,27.0,9.0,24.0,12.0,45.0,9.0,1.0,127.0
2018,Agosto,LATINA,24.0,5.0,35.0,13.0,63.0,10.0,1.0,151.0
2018,Agosto,CARABANCHEL,52.0,4.0,27.0,13.0,44.0,18.0,0.0,158.0
2018,Agosto,USERA,22.0,3.0,18.0,10.0,28.0,9.0,2.0,92.0
2018,Agosto,PUENTE VALLECAS,46.0,11.0,25.0,23.0,49.0,12.0,3.0,169.0
2018,Agosto,MORATALAZ,12.0,2.0,18.0,4.0,23.0,3.0,3.0,65.0
2018,Agosto,CIUDAD LINEAL,33.0,5.0,31.0,8.0,76.0,17.0,2.0,172.0
2018,Agosto,HORTALEZA,21.0,5.0,19.0,7.0,25.0,6.0,0.0,83.0
2018,Agosto,VILLAVERDE,70.0,13.0,17.0,10.0,49.0,21.0,0.0,180.0
2018,Agosto,VILLA DE VALLECAS,60.0,4.0,14.0,8.0,11.0,8.0,0.0,105.0
2018,Agosto,VICALVARO,22.0,0.0,9.0,6.0,10.0,4.0,0.0,51.0
2018,Agosto,SAN BLAS,34.0,2.0,29.0,8.0,51.0,6.0,2.0,132.0
2018,Agosto,BARAJAS,3.0,1.0,6.0,2.0,8.0,3.0,0.0,23.0
2018,Septiembre,CENTRO,26.0,14.0,36.0,23.0,36.0,16.0,5.0,156.0
2018,Septiembre,ARGANZUELA,33.0,4.0,17.0,6.0,30.0,14.0,3.0,107.0
2018,Septiembre,RETIRO,9.0,3.0,15.0,5.0,20.0,7.0,0.0,59.0
2018,Septiembre,SALAMANCA,13.0,11.0,20.0,7.0,30.0,13.0,5.0,99.0
2018,Septiembre,CHAMARTIN,20.0,3.0,14.0,8.0,28.0,4.0,6.0,83.0
2018,Septiembre,TETUAN,16.0,5.0,24.0,6.0,19.0,11.0,1.0,82.0
2018,Septiembre,CHAMBERI,22.0,12.0,25.0,6.0,26.0,11.0,0.0,102.0
2018,Septiembre,FUENCARRAL,29.0,2.0,32.0,5.0,25.0,4.0,4.0,101.0
2018,Septiembre,MONCLOA,14.0,4.0,20.0,9.0,17.0,0.0,3.0,67.0
2018,Septiembre,LATINA,26.0,8.0,22.0,9.0,43.0,7.0,1.0,116.0
2018,Septiembre,CARABANCHEL,35.0,13.0,22.0,3.0,42.0,6.0,0.0,121.0
2018,Septiembre,USERA,16.0,8.0,18.0,5.0,25.0,7.0,0.0,79.0
2018,Septiembre,PUENTE VALLECAS,42.0,5.0,28.0,12.0,40.0,18.0,1.0,146.0
2018,Septiembre,MORATALAZ,11.0,2.0,8.0,0.0,10.0,2.0,0.0,33.0
2018,Septiembre,CIUDAD LINEAL,36.0,1.0,28.0,7.0,42.0,14.0,5.0,133.0
2018,Septiembre,HORTALEZA,16.0,3.0,21.0,8.0,22.0,8.0,0.0,78.0
2018,Septiembre,VILLAVERDE,25.0,4.0,19.0,3.0,30.0,7.0,0.0,88.0
2018,Septiembre,VILLA DE VALLECAS,43.0,3.0,15.0,7.0,13.0,10.0,1.0,92.0
2018,Septiembre,VICALVARO,12.0,2.0,10.0,0.0,8.0,7.0,0.0,39.0
2018,Septiembre,SAN BLAS,21.0,3.0,16.0,3.0,21.0,4.0,0.0,68.0
2018,Septiembre,BARAJAS,7.0,2.0,4.0,3.0,9.0,2.0,0.0,27.0
2018,Octubre,CENTRO,38.0,28.0,38.0,22.0,38.0,16.0,9.0,189.0
2018,Octubre,ARGANZUELA,18.0,5.0,28.0,12.0,37.0,8.0,4.0,112.0
2018,Octubre,RETIRO,7.0,3.0,19.0,9.0,21.0,6.0,0.0,65.0
2018,Octubre,SALAMANCA,11.0,8.0,21.0,10.0,39.0,12.0,2.0,103.0
2018,Octubre,CHAMARTIN,15.0,12.0,21.0,12.0,24.0,9.0,6.0,99.0
2018,Octubre,TETUAN,20.0,9.0,21.0,12.0,26.0,6.0,4.0,98.0
2018,Octubre,CHAMBERI,26.0,13.0,25.0,13.0,41.0,5.0,5.0,128.0
2018,Octubre,FUENCARRAL,24.0,6.0,36.0,14.0,37.0,10.0,7.0,134.0
2018,Octubre,MONCLOA,20.0,5.0,32.0,14.0,34.0,8.0,7.0,120.0
2018,Octubre,LATINA,34.0,9.0,22.0,17.0,33.0,7.0,4.0,126.0
2018,Octubre,CARABANCHEL,43.0,5.0,29.0,4.0,33.0,15.0,3.0,132.0
2018,Octubre,USERA,15.0,2.0,12.0,5.0,16.0,4.0,5.0,59.0
2018,Octubre,PUENTE VALLECAS,42.0,8.0,22.0,15.0,39.0,9.0,4.0,139.0
2018,Octubre,MORATALAZ,15.0,1.0,16.0,3.0,19.0,6.0,3.0,63.0
2018,Octubre,CIUDAD LINEAL,19.0,3.0,14.0,8.0,42.0,8.0,1.0,95.0
2018,Octubre,HORTALEZA,11.0,4.0,12.0,8.0,24.0,8.0,7.0,74.0
2018,Octubre,VILLAVERDE,15.0,3.0,14.0,3.0,20.0,9.0,8.0,72.0
2018,Octubre,VILLA DE VALLECAS,32.0,2.0,11.0,7.0,8.0,10.0,1.0,71.0
2018,Octubre,VICALVARO,13.0,0.0,5.0,6.0,4.0,6.0,0.0,34.0
2018,Octubre,SAN BLAS,15.0,3.0,20.0,7.0,25.0,4.0,3.0,77.0
2018,Octubre,BARAJAS,3.0,2.0,10.0,5.0,8.0,1.0,1.0,30.0
2018,Octubre,FUERA TERMINO MUNICIPAL,0.0,0.0,0.0,0.0,0.0,0.0,1.0,1.0
2018,Noviembre,CENTRO,30.0,25.0,34.0,17.0,49.0,17.0,8.0,180.0
2018,Noviembre,ARGANZUELA,13.0,7.0,19.0,7.0,28.0,11.0,1.0,86.0
2018,Noviembre,RETIRO,8.0,3.0,13.0,4.0,16.0,7.0,5.0,56.0
2018,Noviembre,SALAMANCA,10.0,22.0,24.0,13.0,24.0,7.0,1.0,101.0
2018,Noviembre,CHAMARTIN,8.0,4.0,18.0,9.0,23.0,7.0,3.0,72.0
2018,Noviembre,TETUAN,27.0,16.0,21.0,8.0,19.0,10.0,4.0,105.0
2018,Noviembre,CHAMBERI,8.0,15.0,27.0,12.0,17.0,8.0,2.0,89.0
2018,Noviembre,FUENCARRAL,19.0,8.0,22.0,9.0,25.0,10.0,5.0,98.0
2018,Noviembre,MONCLOA,13.0,8.0,23.0,15.0,19.0,7.0,4.0,89.0
2018,Noviembre,LATINA,15.0,5.0,19.0,7.0,27.0,12.0,28.0,113.0
2018,Noviembre,CARABANCHEL,29.0,13.0,22.0,7.0,43.0,3.0,5.0,122.0
2018,Noviembre,USERA,12.0,6.0,12.0,5.0,14.0,3.0,6.0,58.0
2018,Noviembre,PUENTE VALLECAS,21.0,11.0,20.0,11.0,28.0,10.0,5.0,106.0
2018,Noviembre,MORATALAZ,10.0,1.0,12.0,4.0,8.0,6.0,0.0,41.0
2018,Noviembre,CIUDAD LINEAL,14.0,6.0,19.0,13.0,45.0,12.0,0.0,109.0
2018,Noviembre,HORTALEZA,14.0,2.0,12.0,7.0,20.0,4.0,0.0,59.0
2018,Noviembre,VILLAVERDE,20.0,2.0,16.0,6.0,19.0,11.0,6.0,80.0
2018,Noviembre,VILLA DE VALLECAS,16.0,1.0,3.0,5.0,7.0,5.0,0.0,37.0
2018,Noviembre,VICALVARO,12.0,1.0,6.0,6.0,7.0,3.0,2.0,37.0
2018,Noviembre,SAN BLAS,7.0,4.0,14.0,1.0,21.0,7.0,6.0,60.0
2018,Noviembre,BARAJAS,3.0,1.0,4.0,3.0,8.0,1.0,2.0,22.0
2018,Diciembre,CENTRO,32.0,20.0,30.0,22.0,30.0,15.0,14.0,163.0
2018,Diciembre,ARGANZUELA,11.0,1.0,17.0,7.0,13.0,8.0,3.0,60.0
2018,Diciembre,RETIRO,16.0,5.0,10.0,4.0,15.0,7.0,16.0,73.0
2018,Diciembre,SALAMANCA,20.0,8.0,23.0,8.0,16.0,10.0,2.0,87.0
2018,Diciembre,CHAMARTIN,9.0,2.0,10.0,11.0,19.0,10.0,7.0,68.0
2018,Diciembre,TETUAN,27.0,6.0,14.0,7.0,20.0,10.0,0.0,84.0
2018,Diciembre,CHAMBERI,17.0,6.0,28.0,9.0,17.0,10.0,3.0,90.0
2018,Diciembre,FUENCARRAL,17.0,5.0,21.0,11.0,23.0,7.0,4.0,88.0
2018,Diciembre,MONCLOA,6.0,4.0,24.0,6.0,21.0,5.0,6.0,72.0
2018,Diciembre,LATINA,29.0,3.0,15.0,9.0,17.0,17.0,20.0,110.0
2018,Diciembre,CARABANCHEL,40.0,3.0,20.0,6.0,31.0,12.0,6.0,118.0
2018,Diciembre,USERA,10.0,2.0,10.0,2.0,13.0,5.0,5.0,47.0
2018,Diciembre,PUENTE VALLECAS,39.0,5.0,16.0,13.0,20.0,11.0,4.0,108.0
2018,Diciembre,MORATALAZ,7.0,2.0,7.0,3.0,11.0,4.0,1.0,35.0
2018,Diciembre,CIUDAD LINEAL,24.0,5.0,25.0,7.0,15.0,13.0,2.0,91.0
2018,Diciembre,HORTALEZA,16.0,2.0,21.0,1.0,17.0,11.0,1.0,69.0
2018,Diciembre,VILLAVERDE,29.0,0.0,16.0,7.0,9.0,6.0,1.0,68.0
2018,Diciembre,VILLA DE VALLECAS,27.0,3.0,13.0,9.0,9.0,8.0,0.0,69.0
2018,Diciembre,VICALVARO,11.0,0.0,3.0,0.0,4.0,1.0,1.0,20.0
2018,Diciembre,SAN BLAS,14.0,5.0,19.0,10.0,12.0,6.0,0.0,66.0
2018,Diciembre,BARAJAS,5.0,0.0,6.0,2.0,3.0,2.0,6.0,24.0
2018,Diciembre,FUERA TERMINO MUNICIPAL,0.0,0.0,1.0,0.0,0.0,0.0,0.0,1.0
2019,Enero,CENTRO,27.0,20.0,35.0,21.0,41.0,16.0,10.0,170.0
2019,Enero,ARGANZUELA,16.0,9.0,13.0,8.0,24.0,8.0,3.0,81.0
2019,Enero,RETIRO,7.0,4.0,7.0,4.0,18.0,6.0,4.0,50.0
2019,Enero,SALAMANCA,21.0,15.0,16.0,14.0,31.0,17.0,7.0,121.0
2019,Enero,CHAMARTIN,12.0,7.0,21.0,5.0,25.0,6.0,5.0,81.0
2019,Enero,TETUAN,28.0,9.0,19.0,9.0,36.0,10.0,1.0,112.0
2019,Enero,CHAMBERI,9.0,13.0,26.0,2.0,20.0,10.0,0.0,80.0
2019,Enero,FUENCARRAL,33.0,13.0,20.0,4.0,32.0,13.0,9.0,124.0
2019,Enero,MONCLOA,14.0,3.0,15.0,12.0,36.0,10.0,8.0,98.0
2019,Enero,LATINA,23.0,8.0,18.0,13.0,51.0,12.0,24.0,149.0
2019,Enero,CARABANCHEL,37.0,11.0,12.0,9.0,45.0,18.0,3.0,135.0
2019,Enero,USERA,19.0,6.0,13.0,2.0,25.0,6.0,3.0,74.0
2019,Enero,PUENTE VALLECAS,40.0,9.0,19.0,9.0,30.0,8.0,2.0,117.0
2019,Enero,MORATALAZ,14.0,0.0,6.0,2.0,11.0,1.0,0.0,34.0
2019,Enero,CIUDAD LINEAL,35.0,6.0,17.0,6.0,35.0,8.0,2.0,109.0
2019,Enero,HORTALEZA,24.0,5.0,22.0,4.0,18.0,10.0,3.0,86.0
2019,Enero,VILLAVERDE,38.0,2.0,12.0,4.0,21.0,4.0,3.0,84.0
2019,Enero,VILLA DE VALLECAS,22.0,1.0,4.0,3.0,8.0,9.0,5.0,52.0
2019,Enero,VICALVARO,11.0,3.0,9.0,1.0,3.0,7.0,1.0,35.0
2019,Enero,SAN BLAS,17.0,4.0,10.0,8.0,18.0,5.0,2.0,64.0
2019,Enero,BARAJAS,7.0,1.0,3.0,2.0,1.0,1.0,3.0,18.0
2019,Febrero,CENTRO,25.0,21.0,21.0,15.0,27.0,16.0,12.0,137.0
2019,Febrero,ARGANZUELA,16.0,7.0,11.0,5.0,15.0,11.0,7.0,72.0
2019,Febrero,RETIRO,11.0,7.0,12.0,2.0,7.0,6.0,1.0,46.0
2019,Febrero,SALAMANCA,21.0,10.0,15.0,9.0,21.0,7.0,2.0,85.0
2019,Febrero,CHAMARTIN,12.0,5.0,11.0,2.0,20.0,7.0,6.0,63.0
2019,Febrero,TETUAN,12.0,7.0,21.0,7.0,10.0,5.0,6.0,68.0
2019,Febrero,CHAMBERI,17.0,12.0,21.0,5.0,24.0,11.0,2.0,92.0
2019,Febrero,FUENCARRAL,32.0,8.0,22.0,5.0,25.0,7.0,7.0,106.0
2019,Febrero,MONCLOA,8.0,4.0,13.0,2.0,11.0,3.0,6.0,47.0
2019,Febrero,LATINA,24.0,4.0,10.0,5.0,16.0,15.0,14.0,88.0
2019,Febrero,CARABANCHEL,37.0,2.0,18.0,6.0,33.0,16.0,4.0,116.0
2019,Febrero,USERA,23.0,0.0,6.0,1.0,7.0,11.0,2.0,50.0
2019,Febrero,PUENTE VALLECAS,43.0,6.0,12.0,8.0,21.0,7.0,2.0,99.0
2019,Febrero,MORATALAZ,12.0,4.0,5.0,2.0,10.0,4.0,0.0,37.0
2019,Febrero,CIUDAD LINEAL,29.0,6.0,21.0,1.0,31.0,10.0,1.0,99.0
2019,Febrero,HORTALEZA,16.0,3.0,8.0,4.0,13.0,6.0,2.0,52.0
2019,Febrero,VILLAVERDE,23.0,2.0,9.0,2.0,11.0,7.0,13.0,67.0
2019,Febrero,VILLA DE VALLECAS,30.0,2.0,12.0,0.0,7.0,9.0,3.0,63.0
2019,Febrero,VICALVARO,10.0,2.0,4.0,1.0,6.0,2.0,0.0,25.0
2019,Febrero,SAN BLAS,18.0,1.0,12.0,1.0,15.0,4.0,3.0,54.0
2019,Febrero,BARAJAS,5.0,1.0,2.0,0.0,3.0,0.0,5.0,16.0
2019,Marzo,CENTRO,29.0,21.0,31.0,10.0,37.0,18.0,23.0,169.0
2019,Marzo,ARGANZUELA,32.0,1.0,23.0,8.0,23.0,11.0,8.0,106.0
2019,Marzo,RETIRO,9.0,2.0,7.0,2.0,14.0,3.0,2.0,39.0
2019,Marzo,SALAMANCA,14.0,10.0,13.0,2.0,25.0,6.0,12.0,82.0
2019,Marzo,CHAMARTIN,21.0,12.0,11.0,9.0,20.0,8.0,11.0,92.0
2019,Marzo,TETUAN,32.0,12.0,14.0,10.0,18.0,11.0,6.0,103.0
2019,Marzo,CHAMBERI,21.0,13.0,19.0,5.0,14.0,6.0,2.0,80.0
2019,Marzo,FUENCARRAL,22.0,4.0,21.0,7.0,35.0,8.0,11.0,108.0
2019,Marzo,MONCLOA,16.0,4.0,15.0,6.0,23.0,4.0,8.0,76.0
2019,Marzo,LATINA,20.0,3.0,14.0,6.0,25.0,11.0,7.0,86.0
2019,Marzo,CARABANCHEL,44.0,3.0,17.0,8.0,27.0,11.0,5.0,115.0
2019,Marzo,USERA,17.0,4.0,8.0,5.0,13.0,10.0,3.0,60.0
2019,Marzo,PUENTE VALLECAS,45.0,7.0,16.0,4.0,37.0,10.0,5.0,124.0
2019,Marzo,MORATALAZ,9.0,2.0,9.0,1.0,11.0,4.0,0.0,36.0
2019,Marzo,CIUDAD LINEAL,25.0,4.0,13.0,11.0,26.0,12.0,2.0,93.0
2019,Marzo,HORTALEZA,27.0,1.0,18.0,6.0,17.0,8.0,3.0,80.0
2019,Marzo,VILLAVERDE,43.0,3.0,13.0,6.0,19.0,8.0,4.0,96.0
2019,Marzo,VILLA DE VALLECAS,24.0,1.0,14.0,3.0,9.0,10.0,4.0,65.0
2019,Marzo,VICALVARO,13.0,0.0,3.0,1.0,5.0,3.0,1.0,26.0
2019,Marzo,SAN BLAS,17.0,3.0,6.0,4.0,27.0,5.0,3.0,65.0
2019,Marzo,BARAJAS,10.0,1.0,5.0,2.0,3.0,2.0,1.0,24.0
2019,Abril,CENTRO,21.0,23.0,30.0,24.0,39.0,15.0,6.0,158.0
2019,Abril,ARGANZUELA,17.0,7.0,19.0,9.0,26.0,5.0,5.0,88.0
2019,Abril,RETIRO,9.0,7.0,14.0,6.0,22.0,7.0,2.0,67.0
2019,Abril,SALAMANCA,14.0,18.0,17.0,11.0,25.0,9.0,4.0,98.0
2019,Abril,CHAMARTIN,5.0,8.0,21.0,12.0,34.0,10.0,4.0,94.0
2019,Abril,TETUAN,22.0,14.0,14.0,11.0,21.0,8.0,2.0,92.0
2019,Abril,CHAMBERI,17.0,12.0,13.0,9.0,16.0,8.0,5.0,80.0
2019,Abril,FUENCARRAL,31.0,8.0,22.0,11.0,35.0,15.0,4.0,126.0
2019,Abril,MONCLOA,12.0,4.0,20.0,11.0,23.0,8.0,4.0,82.0
2019,Abril,LATINA,32.0,7.0,26.0,7.0,29.0,10.0,1.0,112.0
2019,Abril,CARABANCHEL,32.0,6.0,27.0,7.0,38.0,13.0,0.0,123.0
2019,Abril,USERA,18.0,4.0,17.0,5.0,19.0,3.0,4.0,70.0
2019,Abril,PUENTE VALLECAS,29.0,7.0,27.0,10.0,37.0,20.0,21.0,151.0
2019,Abril,MORATALAZ,9.0,1.0,7.0,5.0,10.0,3.0,1.0,36.0
2019,Abril,CIUDAD LINEAL,27.0,8.0,21.0,6.0,35.0,10.0,1.0,108.0
2019,Abril,HORTALEZA,10.0,5.0,14.0,5.0,35.0,15.0,3.0,87.0
2019,Abril,VILLAVERDE,31.0,5.0,21.0,5.0,14.0,3.0,1.0,80.0
2019,Abril,VILLA DE VALLECAS,12.0,1.0,9.0,2.0,9.0,9.0,2.0,44.0
2019,Abril,VICALVARO,5.0,3.0,6.0,2.0,9.0,4.0,0.0,29.0
2019,Abril,SAN BLAS,17.0,5.0,10.0,8.0,30.0,3.0,4.0,77.0
2019,Abril,BARAJAS,4.0,1.0,4.0,3.0,6.0,2.0,3.0,23.0
2019,Abril,FUERA TERMINO MUNICIPAL,1.0,0.0,1.0,0.0,0.0,0.0,1.0,3.0
2019,Mayo,CENTRO,33.0,33.0,38.0,19.0,60.0,16.0,7.0,206.0
2019,Mayo,ARGANZUELA,30.0,8.0,17.0,9.0,47.0,13.0,7.0,131.0
2019,Mayo,RETIRO,14.0,5.0,16.0,4.0,32.0,6.0,4.0,81.0
2019,Mayo,SALAMANCA,22.0,13.0,20.0,5.0,31.0,11.0,8.0,110.0
2019,Mayo,CHAMARTIN,17.0,8.0,14.0,10.0,49.0,7.0,4.0,109.0
2019,Mayo,TETUAN,24.0,12.0,23.0,4.0,31.0,12.0,5.0,111.0
2019,Mayo,CHAMBERI,19.0,11.0,19.0,7.0,36.0,16.0,4.0,112.0
2019,Mayo,FUENCARRAL,29.0,6.0,33.0,12.0,42.0,6.0,9.0,137.0
2019,Mayo,MONCLOA,26.0,6.0,29.0,7.0,53.0,14.0,3.0,138.0
2019,Mayo,LATINA,50.0,10.0,38.0,7.0,45.0,18.0,8.0,176.0
2019,Mayo,CARABANCHEL,41.0,12.0,25.0,5.0,51.0,12.0,6.0,152.0
2019,Mayo,USERA,30.0,6.0,14.0,2.0,21.0,8.0,6.0,87.0
2019,Mayo,PUENTE VALLECAS,36.0,3.0,38.0,4.0,44.0,10.0,5.0,140.0
2019,Mayo,MORATALAZ,14.0,0.0,10.0,3.0,19.0,3.0,0.0,49.0
2019,Mayo,CIUDAD LINEAL,21.0,7.0,24.0,9.0,56.0,10.0,2.0,129.0
2019,Mayo,HORTALEZA,29.0,3.0,26.0,4.0,49.0,8.0,9.0,128.0
2019,Mayo,VILLAVERDE,41.0,1.0,13.0,2.0,26.0,6.0,3.0,92.0
2019,Mayo,VILLA DE VALLECAS,42.0,3.0,22.0,7.0,18.0,11.0,2.0,105.0
2019,Mayo,VICALVARO,14.0,0.0,7.0,0.0,12.0,3.0,0.0,36.0
2019,Mayo,SAN BLAS,27.0,7.0,24.0,4.0,41.0,7.0,0.0,110.0
2019,Mayo,BARAJAS,9.0,1.0,11.0,4.0,7.0,2.0,6.0,40.0
2019,Mayo,FUERA TERMINO MUNICIPAL,1.0,0.0,0.0,0.0,0.0,0.0,0.0,1.0
2019,Junio,CENTRO,40.0,24.0,37.0,22.0,40.0,19.0,4.0,186.0
2019,Junio,ARGANZUELA,32.0,7.0,15.0,14.0,24.0,8.0,4.0,104.0
2019,Junio,RETIRO,18.0,3.0,15.0,7.0,23.0,7.0,2.0,75.0
2019,Junio,SALAMANCA,15.0,17.0,19.0,15.0,26.0,9.0,6.0,107.0
2019,Junio,CHAMARTIN,26.0,8.0,20.0,11.0,34.0,7.0,2.0,108.0
2019,Junio,TETUAN,38.0,8.0,26.0,10.0,23.0,4.0,5.0,114.0
2019,Junio,CHAMBERI,22.0,11.0,20.0,7.0,41.0,6.0,2.0,109.0
2019,Junio,FUENCARRAL,57.0,5.0,29.0,7.0,44.0,3.0,5.0,150.0
2019,Junio,MONCLOA,25.0,2.0,22.0,7.0,33.0,10.0,3.0,102.0
2019,Junio,LATINA,55.0,11.0,28.0,8.0,40.0,6.0,3.0,151.0
2019,Junio,CARABANCHEL,64.0,8.0,20.0,10.0,34.0,9.0,1.0,146.0
2019,Junio,USERA,27.0,5.0,15.0,8.0,18.0,8.0,5.0,86.0
2019,Junio,PUENTE VALLECAS,66.0,6.0,35.0,6.0,45.0,6.0,8.0,172.0
2019,Junio,MORATALAZ,18.0,1.0,6.0,5.0,23.0,4.0,2.0,59.0
2019,Junio,CIUDAD LINEAL,30.0,4.0,19.0,8.0,42.0,10.0,4.0,117.0
2019,Junio,HORTALEZA,50.0,4.0,26.0,12.0,39.0,7.0,3.0,141.0
2019,Junio,VILLAVERDE,74.0,2.0,24.0,1.0,20.0,7.0,0.0,128.0
2019,Junio,VILLA DE VALLECAS,66.0,0.0,15.0,2.0,21.0,16.0,0.0,120.0
2019,Junio,VICALVARO,58.0,0.0,5.0,0.0,7.0,9.0,2.0,81.0
2019,Junio,SAN BLAS,34.0,6.0,21.0,8.0,39.0,8.0,1.0,117.0
2019,Junio,BARAJAS,10.0,1.0,5.0,2.0,5.0,5.0,4.0,32.0
2019,Julio,CENTRO,39.0,16.0,40.0,24.0,41.0,13.0,2.0,175.0
2019,Julio,ARGANZUELA,26.0,5.0,17.0,8.0,33.0,8.0,0.0,97.0
2019,Julio,RETIRO,9.0,5.0,19.0,5.0,20.0,5.0,3.0,66.0
2019,Julio,SALAMANCA,28.0,12.0,22.0,20.0,41.0,9.0,7.0,139.0
2019,Julio,CHAMARTIN,22.0,7.0,18.0,13.0,54.0,4.0,1.0,119.0
2019,Julio,TETUAN,21.0,7.0,13.0,13.0,38.0,15.0,0.0,107.0
2019,Julio,CHAMBERI,28.0,9.0,19.0,10.0,39.0,8.0,0.0,113.0
2019,Julio,FUENCARRAL,36.0,2.0,23.0,15.0,57.0,9.0,1.0,143.0
2019,Julio,MONCLOA,22.0,6.0,17.0,10.0,34.0,4.0,2.0,95.0
2019,Julio,LATINA,29.0,8.0,28.0,15.0,60.0,11.0,6.0,157.0
2019,Julio,CARABANCHEL,67.0,8.0,33.0,7.0,50.0,11.0,1.0,177.0
2019,Julio,USERA,22.0,3.0,11.0,4.0,24.0,4.0,2.0,70.0
2019,Julio,PUENTE VALLECAS,33.0,8.0,30.0,12.0,41.0,9.0,9.0,142.0
2019,Julio,MORATALAZ,15.0,1.0,10.0,3.0,19.0,1.0,0.0,49.0
2019,Julio,CIUDAD LINEAL,48.0,3.0,23.0,13.0,62.0,5.0,5.0,159.0
2019,Julio,HORTALEZA,19.0,5.0,26.0,14.0,52.0,7.0,3.0,126.0
2019,Julio,VILLAVERDE,50.0,2.0,25.0,8.0,32.0,7.0,4.0,128.0
2019,Julio,VILLA DE VALLECAS,57.0,0.0,23.0,6.0,13.0,9.0,0.0,108.0
2019,Julio,VICALVARO,34.0,2.0,6.0,2.0,19.0,2.0,0.0,65.0
2019,Julio,SAN BLAS,21.0,2.0,30.0,11.0,48.0,2.0,7.0,121.0
2019,Julio,BARAJAS,16.0,3.0,8.0,6.0,19.0,5.0,2.0,59.0
2019,Julio,FUERA TERMINO MUNICIPAL,1.0,0.0,0.0,0.0,0.0,2.0,0.0,3.0
2019,Agosto,CENTRO,28.0,20.0,46.0,46.0,39.0,10.0,3.0,192.0
2019,Agosto,ARGANZUELA,17.0,3.0,22.0,11.0,39.0,8.0,1.0,101.0
2019,Agosto,RETIRO,8.0,6.0,11.0,10.0,36.0,5.0,0.0,76.0
2019,Agosto,SALAMANCA,19.0,9.0,22.0,19.0,19.0,5.0,3.0,96.0
2019,Agosto,CHAMARTIN,18.0,6.0,16.0,18.0,28.0,7.0,2.0,95.0
2019,Agosto,TETUAN,21.0,7.0,22.0,21.0,23.0,2.0,2.0,98.0
2019,Agosto,CHAMBERI,11.0,8.0,16.0,21.0,34.0,3.0,2.0,95.0
2019,Agosto,FUENCARRAL,27.0,3.0,21.0,12.0,34.0,4.0,2.0,103.0
2019,Agosto,MONCLOA,11.0,4.0,19.0,10.0,35.0,3.0,1.0,83.0
2019,Agosto,LATINA,23.0,6.0,27.0,24.0,41.0,12.0,5.0,138.0
2019,Agosto,CARABANCHEL,39.0,8.0,26.0,19.0,54.0,9.0,0.0,155.0
2019,Agosto,USERA,16.0,10.0,11.0,9.0,20.0,3.0,1.0,70.0
2019,Agosto,PUENTE VALLECAS,49.0,9.0,31.0,33.0,46.0,11.0,0.0,179.0
2019,Agosto,MORATALAZ,5.0,1.0,9.0,8.0,15.0,3.0,1.0,42.0
2019,Agosto,CIUDAD LINEAL,18.0,4.0,25.0,13.0,54.0,5.0,2.0,121.0
2019,Agosto,HORTALEZA,19.0,2.0,20.0,9.0,29.0,1.0,0.0,80.0
2019,Agosto,VILLAVERDE,35.0,3.0,19.0,17.0,35.0,5.0,0.0,114.0
2019,Agosto,VILLA DE VALLECAS,46.0,2.0,14.0,14.0,9.0,6.0,0.0,91.0
2019,Agosto,VICALVARO,20.0,0.0,14.0,3.0,4.0,6.0,1.0,48.0
2019,Agosto,SAN BLAS,21.0,6.0,17.0,12.0,24.0,5.0,0.0,85.0
2019,Agosto,BARAJAS,4.0,5.0,7.0,8.0,11.0,1.0,0.0,36.0
2019,Agosto,FUERA TERMINO MUNICIPAL,0.0,0.0,0.0,0.0,0.0,1.0,0.0,1.0
2019,Septiembre,CENTRO,28.0,22.0,44.0,23.0,38.0,11.0,10.0,176.0
2019,Septiembre,ARGANZUELA,13.0,6.0,20.0,9.0,28.0,9.0,7.0,92.0
2019,Septiembre,RETIRO,11.0,4.0,12.0,7.0,24.0,2.0,4.0,64.0
2019,Septiembre,SALAMANCA,23.0,16.0,25.0,15.0,30.0,10.0,3.0,122.0
2019,Septiembre,CHAMARTIN,14.0,5.0,17.0,4.0,27.0,4.0,3.0,74.0
2019,Septiembre,TETUAN,22.0,4.0,25.0,14.0,23.0,6.0,1.0,95.0
2019,Septiembre,CHAMBERI,15.0,12.0,28.0,9.0,19.0,5.0,1.0,89.0
2019,Septiembre,FUENCARRAL,23.0,7.0,28.0,5.0,55.0,7.0,6.0,131.0
2019,Septiembre,MONCLOA,8.0,3.0,13.0,9.0,22.0,8.0,3.0,66.0
2019,Septiembre,LATINA,21.0,7.0,29.0,13.0,39.0,8.0,5.0,122.0
2019,Septiembre,CARABANCHEL,40.0,9.0,26.0,13.0,38.0,3.0,1.0,130.0
2019,Septiembre,USERA,20.0,6.0,12.0,6.0,18.0,6.0,3.0,71.0
2019,Septiembre,PUENTE VALLECAS,45.0,12.0,24.0,9.0,45.0,5.0,3.0,143.0
2019,Septiembre,MORATALAZ,9.0,2.0,14.0,5.0,21.0,2.0,0.0,53.0
2019,Septiembre,CIUDAD LINEAL,24.0,8.0,16.0,5.0,39.0,5.0,4.0,101.0
2019,Septiembre,HORTALEZA,23.0,7.0,20.0,7.0,30.0,7.0,0.0,94.0
2019,Septiembre,VILLAVERDE,46.0,5.0,18.0,5.0,28.0,4.0,0.0,106.0
2019,Septiembre,VILLA DE VALLECAS,21.0,0.0,18.0,2.0,21.0,3.0,4.0,69.0
2019,Septiembre,VICALVARO,16.0,1.0,7.0,3.0,5.0,6.0,0.0,38.0
2019,Septiembre,SAN BLAS,9.0,5.0,13.0,2.0,46.0,7.0,3.0,85.0
2019,Septiembre,BARAJAS,4.0,3.0,11.0,2.0,14.0,3.0,4.0,41.0
2019,Septiembre,FUERA TERMINO MUNICIPAL,0.0,0.0,0.0,1.0,0.0,0.0,2.0,3.0
2019,Octubre,CENTRO,35.0,24.0,42.0,20.0,55.0,12.0,10.0,198.0
2019,Octubre,ARGANZUELA,9.0,8.0,22.0,12.0,30.0,4.0,4.0,89.0
2019,Octubre,RETIRO,9.0,4.0,11.0,10.0,18.0,5.0,1.0,58.0
2019,Octubre,SALAMANCA,18.0,5.0,25.0,15.0,25.0,3.0,11.0,102.0
2019,Octubre,CHAMARTIN,14.0,5.0,27.0,10.0,20.0,6.0,11.0,93.0
2019,Octubre,TETUAN,36.0,11.0,16.0,10.0,18.0,3.0,5.0,99.0
2019,Octubre,CHAMBERI,26.0,3.0,24.0,9.0,27.0,6.0,4.0,99.0
2019,Octubre,FUENCARRAL,18.0,6.0,23.0,5.0,33.0,9.0,15.0,109.0
2019,Octubre,MONCLOA,7.0,5.0,27.0,11.0,28.0,2.0,2.0,82.0
2019,Octubre,LATINA,21.0,5.0,28.0,9.0,40.0,6.0,5.0,114.0
2019,Octubre,CARABANCHEL,29.0,9.0,30.0,7.0,35.0,12.0,6.0,128.0
2019,Octubre,USERA,16.0,4.0,15.0,6.0,25.0,2.0,1.0,69.0
2019,Octubre,PUENTE VALLECAS,34.0,9.0,22.0,10.0,41.0,7.0,16.0,139.0
2019,Octubre,MORATALAZ,10.0,2.0,15.0,9.0,19.0,2.0,3.0,60.0
2019,Octubre,CIUDAD LINEAL,17.0,6.0,28.0,11.0,28.0,13.0,1.0,104.0
2019,Octubre,HORTALEZA,16.0,4.0,21.0,5.0,21.0,9.0,4.0,80.0
2019,Octubre,VILLAVERDE,38.0,2.0,13.0,7.0,25.0,6.0,6.0,97.0
2019,Octubre,VILLA DE VALLECAS,26.0,5.0,8.0,7.0,17.0,4.0,2.0,69.0
2019,Octubre,VICALVARO,9.0,1.0,6.0,2.0,3.0,5.0,0.0,26.0
2019,Octubre,SAN BLAS,16.0,0.0,20.0,5.0,27.0,4.0,2.0,74.0
2019,Octubre,BARAJAS,1.0,2.0,11.0,0.0,10.0,1.0,4.0,29.0
2019,Octubre,FUERA TERMINO MUNICIPAL,0.0,0.0,0.0,0.0,0.0,0.0,1.0,1.0
2019,Noviembre,CENTRO,37.0,27.0,31.0,20.0,43.0,6.0,15.0,179.0
2019,Noviembre,ARGANZUELA,8.0,4.0,19.0,5.0,29.0,4.0,10.0,79.0
2019,Noviembre,RETIRO,10.0,6.0,15.0,8.0,20.0,2.0,0.0,61.0
2019,Noviembre,SALAMANCA,14.0,10.0,32.0,12.0,23.0,6.0,4.0,101.0
2019,Noviembre,CHAMARTIN,9.0,12.0,18.0,6.0,40.0,9.0,10.0,104.0
2019,Noviembre,TETUAN,20.0,15.0,16.0,12.0,35.0,4.0,2.0,104.0
2019,Noviembre,CHAMBERI,10.0,11.0,25.0,8.0,25.0,8.0,2.0,89.0
2019,Noviembre,FUENCARRAL,16.0,7.0,13.0,8.0,78.0,12.0,11.0,145.0
2019,Noviembre,MONCLOA,14.0,3.0,15.0,3.0,34.0,9.0,2.0,80.0
2019,Noviembre,LATINA,26.0,7.0,15.0,10.0,46.0,8.0,3.0,115.0
2019,Noviembre,CARABANCHEL,26.0,14.0,37.0,9.0,53.0,7.0,4.0,150.0
2019,Noviembre,USERA,22.0,6.0,10.0,5.0,22.0,6.0,6.0,77.0
2019,Noviembre,PUENTE VALLECAS,35.0,8.0,37.0,7.0,40.0,7.0,38.0,172.0
2019,Noviembre,MORATALAZ,13.0,1.0,5.0,2.0,17.0,1.0,1.0,40.0
2019,Noviembre,CIUDAD LINEAL,20.0,9.0,34.0,10.0,35.0,5.0,6.0,119.0
2019,Noviembre,HORTALEZA,22.0,8.0,22.0,6.0,43.0,3.0,1.0,105.0
2019,Noviembre,VILLAVERDE,29.0,3.0,22.0,1.0,23.0,4.0,4.0,86.0
2019,Noviembre,VILLA DE VALLECAS,22.0,1.0,17.0,3.0,10.0,5.0,2.0,60.0
2019,Noviembre,VICALVARO,7.0,1.0,11.0,4.0,11.0,1.0,1.0,36.0
2019,Noviembre,SAN BLAS,25.0,8.0,17.0,5.0,37.0,3.0,2.0,97.0
2019,Noviembre,BARAJAS,5.0,2.0,7.0,0.0,7.0,2.0,3.0,26.0
2019,Noviembre,FUERA TERMINO MUNICIPAL,0.0,0.0,0.0,0.0,0.0,1.0,2.0,3.0
2019,Diciembre,CENTRO,23.0,40.0,38.0,20.0,57.0,19.0,13.0,210.0
2019,Diciembre,ARGANZUELA,14.0,11.0,14.0,20.0,30.0,7.0,8.0,104.0
2019,Diciembre,RETIRO,12.0,20.0,18.0,11.0,19.0,2.0,1.0,83.0
2019,Diciembre,SALAMANCA,16.0,28.0,29.0,16.0,30.0,2.0,8.0,129.0
2019,Diciembre,CHAMARTIN,12.0,17.0,27.0,10.0,39.0,7.0,9.0,121.0
2019,Diciembre,TETUAN,18.0,21.0,25.0,15.0,33.0,6.0,2.0,120.0
2019,Diciembre,CHAMBERI,13.0,22.0,37.0,14.0,32.0,6.0,0.0,124.0
2019,Diciembre,FUENCARRAL,16.0,15.0,28.0,3.0,70.0,9.0,6.0,147.0
2019,Diciembre,MONCLOA,12.0,20.0,15.0,16.0,78.0,7.0,3.0,151.0
2019,Diciembre,LATINA,32.0,13.0,26.0,22.0,72.0,12.0,8.0,185.0
2019,Diciembre,CARABANCHEL,60.0,18.0,24.0,14.0,55.0,17.0,1.0,189.0
2019,Diciembre,USERA,19.0,7.0,16.0,9.0,26.0,2.0,4.0,83.0
2019,Diciembre,PUENTE VALLECAS,48.0,26.0,27.0,13.0,53.0,11.0,2.0,180.0
2019,Diciembre,MORATALAZ,22.0,5.0,12.0,9.0,27.0,3.0,2.0,80.0
2019,Diciembre,CIUDAD LINEAL,26.0,14.0,15.0,10.0,40.0,13.0,4.0,122.0
2019,Diciembre,HORTALEZA,14.0,15.0,19.0,12.0,56.0,8.0,5.0,129.0
2019,Diciembre,VILLAVERDE,29.0,13.0,13.0,9.0,31.0,15.0,1.0,111.0
2019,Diciembre,VILLA DE VALLECAS,29.0,9.0,14.0,5.0,16.0,12.0,1.0,86.0
2019,Diciembre,VICALVARO,13.0,4.0,6.0,4.0,26.0,1.0,0.0,54.0
2019,Diciembre,SAN BLAS,15.0,7.0,19.0,6.0,30.0,10.0,4.0,91.0
2019,Diciembre,BARAJAS,4.0,3.0,5.0,4.0,10.0,4.0,17.0,47.0
2020,Diciembre,CENTRO,20.0,16.0,33.0,17.0,25.0,25.0,11.0,147.0
2020,Diciembre,ARGANZUELA,12.0,2.0,26.0,3.0,12.0,8.0,3.0,66.0
2020,Diciembre,RETIRO,3.0,5.0,15.0,9.0,8.0,10.0,4.0,54.0
2020,Diciembre,SALAMANCA,10.0,11.0,17.0,11.0,20.0,23.0,5.0,97.0
2020,Diciembre,CHAMARTIN,8.0,3.0,22.0,8.0,12.0,14.0,3.0,70.0
2020,Diciembre,TETUAN,23.0,2.0,18.0,10.0,12.0,17.0,0.0,82.0
2020,Diciembre,CHAMBERI,6.0,9.0,23.0,5.0,13.0,10.0,3.0,69.0
2020,Diciembre,FUENCARRAL,29.0,7.0,31.0,7.0,22.0,20.0,4.0,120.0
2020,Diciembre,MONCLOA,3.0,3.0,24.0,1.0,17.0,14.0,2.0,64.0
2020,Diciembre,LATINA,21.0,4.0,26.0,8.0,24.0,20.0,1.0,104.0
2020,Diciembre,CARABANCHEL,23.0,6.0,35.0,7.0,14.0,27.0,2.0,114.0
2020,Diciembre,USERA,15.0,3.0,14.0,2.0,15.0,13.0,4.0,66.0
2020,Diciembre,PUENTE VALLECAS,32.0,10.0,35.0,10.0,11.0,20.0,5.0,123.0
2020,Diciembre,MORATALAZ,13.0,2.0,11.0,3.0,0.0,7.0,0.0,36.0
2020,Diciembre,CIUDAD LINEAL,14.0,8.0,23.0,4.0,20.0,19.0,5.0,93.0
2020,Diciembre,HORTALEZA,15.0,7.0,24.0,3.0,22.0,18.0,3.0,92.0
2020,Diciembre,VILLAVERDE,34.0,3.0,13.0,4.0,17.0,9.0,1.0,81.0
2020,Diciembre,VILLA DE VALLECAS,29.0,2.0,15.0,3.0,7.0,10.0,2.0,68.0
2020,Diciembre,VICALVARO,8.0,2.0,8.0,1.0,6.0,5.0,1.0,31.0
2020,Diciembre,SAN BLAS,22.0,4.0,22.0,3.0,14.0,16.0,0.0,81.0
2020,Diciembre,BARAJAS,6.0,2.0,5.0,0.0,1.0,6.0,7.0,27.0
2020,Diciembre,SIN DISTRITO,1.0,0.0,5.0,0.0,0.0,2.0,0.0,8.0
2020,Noviembre,CENTRO,21.0,16.0,31.0,8.0,22.0,24.0,7.0,129.0
2020,Noviembre,ARGANZUELA,5.0,2.0,23.0,7.0,6.0,6.0,1.0,50.0
2020,Noviembre,RETIRO,6.0,7.0,17.0,5.0,12.0,11.0,5.0,63.0
2020,Noviembre,SALAMANCA,12.0,3.0,24.0,12.0,10.0,17.0,3.0,81.0
2020,Noviembre,CHAMARTIN,6.0,4.0,14.0,6.0,7.0,14.0,8.0,59.0
2020,Noviembre,TETUAN,18.0,8.0,21.0,7.0,13.0,13.0,2.0,82.0
2020,Noviembre,CHAMBERI,12.0,8.0,19.0,8.0,15.0,8.0,4.0,74.0
2020,Noviembre,FUENCARRAL,16.0,5.0,19.0,5.0,24.0,26.0,4.0,99.0
2020,Noviembre,MONCLOA,15.0,2.0,19.0,6.0,14.0,18.0,2.0,76.0
2020,Noviembre,LATINA,15.0,1.0,29.0,5.0,10.0,29.0,3.0,92.0
2020,Noviembre,CARABANCHEL,18.0,2.0,25.0,8.0,14.0,28.0,5.0,100.0
2020,Noviembre,USERA,20.0,0.0,17.0,2.0,5.0,12.0,6.0,62.0
2020,Noviembre,PUENTE VALLECAS,20.0,6.0,28.0,11.0,16.0,28.0,3.0,112.0
2020,Noviembre,MORATALAZ,5.0,1.0,10.0,5.0,7.0,8.0,0.0,36.0
2020,Noviembre,CIUDAD LINEAL,16.0,5.0,32.0,1.0,14.0,19.0,4.0,91.0
2020,Noviembre,HORTALEZA,12.0,2.0,18.0,7.0,16.0,15.0,7.0,77.0
2020,Noviembre,VILLAVERDE,19.0,2.0,25.0,4.0,10.0,20.0,5.0,85.0
2020,Noviembre,VILLA DE VALLECAS,27.0,0.0,10.0,3.0,8.0,15.0,3.0,66.0
2020,Noviembre,VICALVARO,3.0,1.0,9.0,2.0,2.0,2.0,1.0,20.0
2020,Noviembre,SAN BLAS,14.0,2.0,13.0,1.0,14.0,13.0,0.0,57.0
2020,Noviembre,BARAJAS,6.0,2.0,5.0,2.0,7.0,8.0,3.0,33.0
2020,Octubre,CENTRO,18.0,19.0,33.0,12.0,38.0,22.0,6.0,148.0
2020,Octubre,ARGANZUELA,5.0,6.0,25.0,9.0,27.0,18.0,1.0,91.0
2020,Octubre,RETIRO,3.0,4.0,9.0,3.0,22.0,13.0,1.0,55.0
2020,Octubre,SALAMANCA,14.0,15.0,24.0,7.0,43.0,24.0,38.0,165.0
2020,Octubre,CHAMARTIN,9.0,1.0,16.0,3.0,50.0,23.0,5.0,107.0
2020,Octubre,TETUAN,13.0,10.0,25.0,11.0,26.0,21.0,7.0,113.0
2020,Octubre,CHAMBERI,14.0,18.0,20.0,6.0,47.0,17.0,3.0,125.0
2020,Octubre,FUENCARRAL,12.0,6.0,37.0,13.0,68.0,28.0,7.0,171.0
2020,Octubre,MONCLOA,8.0,10.0,16.0,6.0,52.0,27.0,0.0,119.0
2020,Octubre,LATINA,34.0,6.0,33.0,6.0,59.0,28.0,4.0,170.0
2020,Octubre,CARABANCHEL,17.0,8.0,30.0,6.0,46.0,24.0,4.0,135.0
2020,Octubre,USERA,17.0,6.0,18.0,3.0,26.0,20.0,2.0,92.0
2020,Octubre,PUENTE VALLECAS,20.0,9.0,39.0,5.0,60.0,25.0,3.0,161.0
2020,Octubre,MORATALAZ,9.0,2.0,9.0,4.0,36.0,16.0,2.0,78.0
2020,Octubre,CIUDAD LINEAL,16.0,9.0,33.0,7.0,83.0,25.0,2.0,175.0
2020,Octubre,HORTALEZA,16.0,7.0,18.0,3.0,58.0,32.0,4.0,138.0
2020,Octubre,VILLAVERDE,21.0,4.0,16.0,5.0,43.0,19.0,3.0,111.0
2020,Octubre,VILLA DE VALLECAS,36.0,5.0,13.0,4.0,25.0,25.0,7.0,115.0
2020,Octubre,VICALVARO,13.0,3.0,10.0,2.0,22.0,6.0,2.0,58.0
2020,Octubre,SAN BLAS,13.0,5.0,19.0,3.0,67.0,27.0,1.0,135.0
2020,Octubre,BARAJAS,9.0,2.0,4.0,1.0,14.0,9.0,4.0,43.0
2020,Octubre,FUERA TERMINO MUNICIPAL,0.0,0.0,0.0,0.0,0.0,2.0,0.0,2.0
2020,Septiembre,CENTRO,29.0,17.0,26.0,26.0,26.0,41.0,1.0,166.0
2020,Septiembre,ARGANZUELA,11.0,3.0,21.0,9.0,18.0,12.0,2.0,76.0
2020,Septiembre,RETIRO,8.0,5.0,11.0,6.0,24.0,11.0,1.0,66.0
2020,Septiembre,SALAMANCA,13.0,13.0,28.0,15.0,26.0,15.0,2.0,112.0
2020,Septiembre,CHAMARTIN,8.0,10.0,15.0,12.0,27.0,31.0,1.0,104.0
2020,Septiembre,TETUAN,8.0,10.0,13.0,24.0,8.0,17.0,1.0,81.0
2020,Septiembre,CHAMBERI,22.0,6.0,33.0,15.0,19.0,18.0,0.0,113.0
2020,Septiembre,FUENCARRAL,22.0,3.0,24.0,14.0,37.0,26.0,0.0,126.0
2020,Septiembre,MONCLOA,4.0,8.0,26.0,18.0,35.0,32.0,0.0,123.0
2020,Septiembre,LATINA,32.0,4.0,26.0,17.0,39.0,33.0,1.0,152.0
2020,Septiembre,CARABANCHEL,31.0,6.0,25.0,15.0,30.0,27.0,1.0,135.0
2020,Septiembre,USERA,9.0,1.0,7.0,6.0,13.0,15.0,2.0,53.0
2020,Septiembre,PUENTE VALLECAS,37.0,3.0,38.0,11.0,17.0,30.0,0.0,136.0
2020,Septiembre,MORATALAZ,19.0,0.0,9.0,5.0,23.0,10.0,1.0,67.0
2020,Septiembre,CIUDAD LINEAL,17.0,3.0,27.0,11.0,34.0,19.0,3.0,114.0
2020,Septiembre,HORTALEZA,10.0,1.0,15.0,17.0,35.0,30.0,0.0,108.0
2020,Septiembre,VILLAVERDE,30.0,1.0,14.0,8.0,16.0,19.0,3.0,91.0
2020,Septiembre,VILLA DE VALLECAS,42.0,1.0,10.0,4.0,7.0,19.0,2.0,85.0
2020,Septiembre,VICALVARO,16.0,1.0,12.0,3.0,5.0,8.0,0.0,45.0
2020,Septiembre,SAN BLAS,9.0,1.0,17.0,8.0,33.0,18.0,1.0,87.0
2020,Septiembre,BARAJAS,12.0,3.0,3.0,5.0,5.0,12.0,1.0,41.0
2020,Agosto,ARGANZUELA,15.0,3.0,17.0,14.0,21.0,12.0,1.0,83.0
2020,Agosto,RETIRO,7.0,4.0,8.0,9.0,21.0,10.0,0.0,59.0
2020,Agosto,SALAMANCA,15.0,9.0,29.0,24.0,25.0,15.0,1.0,118.0
2020,Agosto,CHAMARTIN,6.0,4.0,13.0,19.0,27.0,15.0,1.0,85.0
2020,Agosto,TETUAN,10.0,6.0,24.0,15.0,22.0,15.0,2.0,94.0
2020,Agosto,CHAMBERI,12.0,11.0,25.0,11.0,17.0,15.0,4.0,95.0
2020,Agosto,FUENCARRAL,27.0,2.0,31.0,17.0,31.0,18.0,1.0,127.0
2020,Agosto,MONCLOA,11.0,2.0,24.0,10.0,27.0,14.0,2.0,90.0
2020,Agosto,LATINA,27.0,6.0,38.0,14.0,34.0,34.0,0.0,153.0
2020,Agosto,CARABANCHEL,25.0,2.0,35.0,6.0,24.0,32.0,1.0,125.0
2020,Agosto,USERA,24.0,3.0,33.0,4.0,21.0,17.0,1.0,103.0
2020,Agosto,PUENTE VALLECAS,28.0,4.0,39.0,19.0,32.0,30.0,2.0,154.0
2020,Agosto,MORATALAZ,12.0,0.0,9.0,7.0,16.0,7.0,0.0,51.0
2020,Agosto,CIUDAD LINEAL,14.0,3.0,30.0,12.0,64.0,23.0,0.0,146.0
2020,Agosto,HORTALEZA,20.0,3.0,26.0,7.0,47.0,36.0,2.0,141.0
2020,Agosto,VILLAVERDE,38.0,1.0,21.0,7.0,27.0,24.0,2.0,120.0
2020,Agosto,VILLA DE VALLECAS,52.0,2.0,10.0,4.0,11.0,19.0,0.0,98.0
2020,Agosto,VICALVARO,12.0,0.0,11.0,3.0,11.0,11.0,0.0,48.0
2020,Agosto,SAN BLAS,11.0,6.0,23.0,14.0,44.0,13.0,2.0,113.0
2020,Agosto,BARAJAS,12.0,1.0,4.0,3.0,5.0,9.0,4.0,38.0
2020,Agosto,FUERA TERMINO MUNICIPAL,0.0,0.0,1.0,0.0,0.0,0.0,0.0,1.0
2020,Julio,CENTRO,32.0,21.0,41.0,18.0,24.0,40.0,3.0,179.0
2020,Julio,ARGANZUELA,20.0,12.0,37.0,13.0,52.0,15.0,4.0,153.0
2020,Julio,RETIRO,8.0,8.0,16.0,6.0,34.0,18.0,3.0,93.0
2020,Julio,SALAMANCA,11.0,10.0,25.0,14.0,41.0,23.0,3.0,127.0
2020,Julio,CHAMARTIN,12.0,3.0,22.0,10.0,46.0,24.0,7.0,124.0
2020,Julio,TETUAN,21.0,7.0,32.0,8.0,20.0,11.0,4.0,103.0
2020,Julio,CHAMBERI,22.0,10.0,28.0,9.0,35.0,24.0,2.0,130.0
2020,Julio,FUENCARRAL,45.0,6.0,34.0,5.0,41.0,28.0,1.0,160.0
2020,Julio,MONCLOA,12.0,2.0,26.0,6.0,43.0,21.0,1.0,111.0
2020,Julio,LATINA,38.0,6.0,32.0,8.0,52.0,35.0,1.0,172.0
2020,Julio,CARABANCHEL,37.0,8.0,45.0,10.0,43.0,31.0,2.0,176.0
2020,Julio,USERA,19.0,3.0,25.0,4.0,34.0,20.0,4.0,109.0
2020,Julio,PUENTE VALLECAS,44.0,4.0,40.0,7.0,52.0,41.0,2.0,190.0
2020,Julio,MORATALAZ,14.0,2.0,14.0,3.0,12.0,9.0,0.0,54.0
2020,Julio,CIUDAD LINEAL,30.0,8.0,29.0,8.0,56.0,35.0,0.0,166.0
2020,Julio,HORTALEZA,24.0,4.0,22.0,10.0,48.0,29.0,0.0,137.0
2020,Julio,VILLAVERDE,45.0,3.0,18.0,3.0,32.0,27.0,2.0,130.0
2020,Julio,VILLA DE VALLECAS,74.0,3.0,18.0,3.0,13.0,31.0,0.0,142.0
2020,Julio,VICALVARO,20.0,1.0,9.0,4.0,15.0,9.0,0.0,58.0
2020,Julio,SAN BLAS,17.0,3.0,25.0,4.0,55.0,24.0,0.0,128.0
2020,Julio,BARAJAS,8.0,1.0,3.0,6.0,4.0,10.0,1.0,33.0
2020,Junio,CENTRO,20.0,18.0,42.0,11.0,33.0,30.0,1.0,155.0
2020,Junio,ARGANZUELA,22.0,9.0,29.0,8.0,32.0,20.0,4.0,124.0
2020,Junio,RETIRO,8.0,6.0,14.0,3.0,26.0,10.0,1.0,68.0
2020,Junio,SALAMANCA,12.0,13.0,17.0,8.0,31.0,16.0,1.0,98.0
2020,Junio,CHAMARTIN,9.0,6.0,14.0,8.0,46.0,19.0,0.0,102.0
2020,Junio,TETUAN,16.0,10.0,24.0,11.0,13.0,19.0,2.0,95.0
2020,Junio,CHAMBERI,15.0,9.0,25.0,1.0,18.0,21.0,0.0,89.0
2020,Junio,FUENCARRAL,41.0,4.0,30.0,8.0,36.0,21.0,0.0,140.0
2020,Junio,MONCLOA,25.0,7.0,18.0,3.0,28.0,20.0,0.0,101.0
2020,Junio,LATINA,35.0,3.0,33.0,6.0,34.0,30.0,0.0,141.0
2020,Junio,CARABANCHEL,28.0,2.0,35.0,6.0,38.0,28.0,1.0,138.0
2020,Junio,USERA,15.0,1.0,12.0,5.0,26.0,16.0,1.0,76.0
2020,Junio,PUENTE VALLECAS,30.0,6.0,35.0,7.0,31.0,32.0,1.0,142.0
2020,Junio,MORATALAZ,6.0,1.0,12.0,2.0,21.0,7.0,4.0,53.0
2020,Junio,CIUDAD LINEAL,22.0,3.0,22.0,6.0,50.0,17.0,1.0,121.0
2020,Junio,HORTALEZA,28.0,2.0,16.0,4.0,32.0,21.0,0.0,103.0
2020,Junio,VILLAVERDE,34.0,5.0,20.0,1.0,27.0,15.0,1.0,103.0
2020,Junio,VILLA DE VALLECAS,50.0,2.0,14.0,3.0,10.0,12.0,0.0,91.0
2020,Junio,VICALVARO,17.0,1.0,10.0,2.0,9.0,18.0,0.0,57.0
2020,Junio,SAN BLAS,17.0,4.0,22.0,4.0,47.0,20.0,0.0,114.0
2020,Junio,BARAJAS,3.0,0.0,9.0,0.0,7.0,7.0,0.0,26.0
2020,Junio,FUERA TERMINO MUNICIPAL,0.0,0.0,1.0,0.0,0.0,1.0,0.0,2.0
2020,Mayo,CENTRO,26.0,18.0,43.0,11.0,27.0,8.0,1.0,134.0
2020,Mayo,ARGANZUELA,13.0,14.0,37.0,18.0,36.0,16.0,1.0,135.0
2020,Mayo,RETIRO,11.0,5.0,13.0,7.0,31.0,2.0,0.0,69.0
2020,Mayo,SALAMANCA,7.0,9.0,25.0,19.0,17.0,9.0,1.0,87.0
2020,Mayo,CHAMARTIN,9.0,6.0,24.0,13.0,29.0,5.0,1.0,87.0
2020,Mayo,TETUAN,9.0,9.0,16.0,11.0,20.0,3.0,0.0,68.0
2020,Mayo,CHAMBERI,11.0,8.0,27.0,7.0,22.0,5.0,0.0,80.0
2020,Mayo,FUENCARRAL,25.0,6.0,49.0,8.0,29.0,12.0,0.0,129.0
2020,Mayo,MONCLOA,16.0,2.0,31.0,7.0,22.0,6.0,0.0,84.0
2020,Mayo,LATINA,16.0,4.0,37.0,4.0,33.0,8.0,3.0,105.0
2020,Mayo,CARABANCHEL,18.0,4.0,38.0,5.0,19.0,8.0,0.0,92.0
2020,Mayo,USERA,8.0,3.0,30.0,5.0,10.0,2.0,0.0,58.0
2020,Mayo,PUENTE VALLECAS,21.0,9.0,43.0,17.0,28.0,5.0,3.0,126.0
2020,Mayo,MORATALAZ,10.0,0.0,10.0,3.0,22.0,4.0,0.0,49.0
2020,Mayo,CIUDAD LINEAL,13.0,5.0,21.0,10.0,47.0,3.0,0.0,99.0
2020,Mayo,HORTALEZA,8.0,1.0,39.0,8.0,38.0,6.0,0.0,100.0
2020,Mayo,VILLAVERDE,24.0,4.0,43.0,3.0,18.0,7.0,1.0,100.0
2020,Mayo,VILLA DE VALLECAS,15.0,1.0,34.0,1.0,5.0,24.0,0.0,80.0
2020,Mayo,VICALVARO,1.0,1.0,11.0,4.0,8.0,3.0,0.0,28.0
2020,Mayo,SAN BLAS,10.0,5.0,36.0,9.0,52.0,3.0,1.0,116.0
2020,Mayo,BARAJAS,4.0,2.0,17.0,10.0,13.0,1.0,0.0,47.0
2020,Mayo,FUERA TERMINO MUNICIPAL,3.0,0.0,4.0,0.0,1.0,0.0,1.0,9.0
2020,Abril,CENTRO,14.0,19.0,70.0,12.0,19.0,12.0,15.0,161.0
2020,Abril,ARGANZUELA,13.0,7.0,45.0,11.0,14.0,14.0,3.0,107.0
2020,Abril,RETIRO,1.0,9.0,14.0,5.0,12.0,3.0,0.0,44.0
2020,Abril,SALAMANCA,4.0,10.0,34.0,11.0,14.0,5.0,0.0,78.0
2020,Abril,CHAMARTIN,9.0,5.0,25.0,6.0,11.0,7.0,1.0,64.0
2020,Abril,TETUAN,10.0,6.0,15.0,13.0,10.0,7.0,3.0,64.0
2020,Abril,CHAMBERI,6.0,12.0,21.0,4.0,12.0,8.0,1.0,64.0
2020,Abril,FUENCARRAL,6.0,3.0,31.0,5.0,18.0,4.0,0.0,67.0
2020,Abril,MONCLOA,1.0,1.0,44.0,7.0,12.0,6.0,2.0,73.0
2020,Abril,LATINA,7.0,8.0,30.0,8.0,11.0,9.0,1.0,74.0
2020,Abril,CARABANCHEL,14.0,5.0,26.0,7.0,19.0,6.0,2.0,79.0
2020,Abril,USERA,12.0,2.0,17.0,6.0,9.0,10.0,4.0,60.0
2020,Abril,PUENTE VALLECAS,9.0,7.0,33.0,9.0,25.0,9.0,4.0,96.0
2020,Abril,MORATALAZ,3.0,1.0,14.0,5.0,4.0,0.0,0.0,27.0
2020,Abril,CIUDAD LINEAL,6.0,7.0,33.0,5.0,16.0,7.0,0.0,74.0
2020,Abril,HORTALEZA,5.0,6.0,35.0,2.0,18.0,2.0,1.0,69.0
2020,Abril,VILLAVERDE,8.0,1.0,19.0,10.0,8.0,4.0,1.0,51.0
2020,Abril,VILLA DE VALLECAS,8.0,1.0,15.0,0.0,5.0,4.0,2.0,35.0
2020,Abril,VICALVARO,1.0,2.0,11.0,3.0,4.0,2.0,1.0,24.0
2020,Abril,SAN BLAS,4.0,6.0,19.0,1.0,19.0,4.0,0.0,53.0
2020,Abril,BARAJAS,3.0,1.0,9.0,2.0,4.0,1.0,8.0,28.0
2020,Abril,FUERA TERMINO MUNICIPAL,1.0,0.0,0.0,0.0,0.0,0.0,0.0,1.0
2020,Marzo,CENTRO,21.0,21.0,49.0,12.0,35.0,12.0,5.0,155.0
2020,Marzo,ARGANZUELA,17.0,12.0,52.0,12.0,18.0,13.0,4.0,128.0
2020,Marzo,RETIRO,12.0,4.0,21.0,7.0,10.0,5.0,0.0,59.0
2020,Marzo,SALAMANCA,5.0,6.0,29.0,10.0,18.0,9.0,3.0,80.0
2020,Marzo,CHAMARTIN,8.0,6.0,23.0,11.0,26.0,6.0,2.0,82.0
2020,Marzo,TETUAN,19.0,11.0,29.0,10.0,22.0,8.0,0.0,99.0
2020,Marzo,CHAMBERI,9.0,15.0,14.0,6.0,17.0,4.0,0.0,65.0
2020,Marzo,FUENCARRAL,14.0,14.0,38.0,5.0,38.0,7.0,3.0,119.0
2020,Marzo,MONCLOA,10.0,6.0,34.0,6.0,30.0,4.0,4.0,94.0
2020,Marzo,LATINA,15.0,15.0,29.0,5.0,23.0,10.0,1.0,98.0
2020,Marzo,CARABANCHEL,19.0,8.0,34.0,6.0,40.0,11.0,2.0,120.0
2020,Marzo,USERA,13.0,4.0,16.0,6.0,13.0,7.0,1.0,60.0
2020,Marzo,PUENTE VALLECAS,22.0,15.0,29.0,12.0,27.0,8.0,1.0,114.0
2020,Marzo,MORATALAZ,6.0,1.0,15.0,4.0,18.0,7.0,0.0,51.0
2020,Marzo,CIUDAD LINEAL,9.0,9.0,29.0,10.0,34.0,7.0,0.0,98.0
2020,Marzo,HORTALEZA,11.0,10.0,20.0,3.0,43.0,6.0,3.0,96.0
2020,Marzo,VILLAVERDE,29.0,9.0,21.0,7.0,15.0,7.0,2.0,90.0
2020,Marzo,VILLA DE VALLECAS,17.0,6.0,13.0,5.0,4.0,5.0,1.0,51.0
2020,Marzo,VICALVARO,6.0,1.0,3.0,1.0,2.0,2.0,0.0,15.0
2020,Marzo,SAN BLAS,20.0,11.0,14.0,5.0,36.0,5.0,0.0,91.0
2020,Marzo,BARAJAS,10.0,1.0,1.0,1.0,12.0,3.0,5.0,33.0
2020,Febrero,CENTRO,30.0,18.0,42.0,11.0,43.0,8.0,10.0,162.0
2020,Febrero,ARGANZUELA,14.0,1.0,15.0,9.0,11.0,6.0,6.0,62.0
2020,Febrero,RETIRO,13.0,3.0,5.0,6.0,10.0,3.0,1.0,41.0
2020,Febrero,SALAMANCA,14.0,13.0,16.0,7.0,20.0,1.0,6.0,77.0
2020,Febrero,CHAMARTIN,7.0,7.0,11.0,8.0,13.0,3.0,9.0,58.0
2020,Febrero,TETUAN,11.0,8.0,12.0,7.0,25.0,2.0,6.0,71.0
2020,Febrero,CHAMBERI,19.0,2.0,20.0,7.0,20.0,2.0,4.0,74.0
2020,Febrero,FUENCARRAL,25.0,5.0,16.0,4.0,29.0,6.0,8.0,93.0
2020,Febrero,MONCLOA,13.0,0.0,16.0,7.0,11.0,6.0,15.0,68.0
2020,Febrero,LATINA,17.0,5.0,19.0,15.0,27.0,9.0,11.0,103.0
2020,Febrero,CARABANCHEL,33.0,5.0,21.0,5.0,20.0,12.0,9.0,105.0
2020,Febrero,USERA,12.0,1.0,8.0,7.0,8.0,2.0,2.0,40.0
2020,Febrero,PUENTE VALLECAS,35.0,2.0,27.0,8.0,22.0,7.0,2.0,103.0
2020,Febrero,MORATALAZ,8.0,0.0,9.0,3.0,7.0,4.0,2.0,33.0
2020,Febrero,CIUDAD LINEAL,21.0,2.0,15.0,4.0,24.0,2.0,1.0,69.0
2020,Febrero,HORTALEZA,10.0,3.0,18.0,2.0,11.0,5.0,6.0,55.0
2020,Febrero,VILLAVERDE,25.0,1.0,8.0,5.0,16.0,5.0,7.0,67.0
2020,Febrero,VILLA DE VALLECAS,26.0,2.0,12.0,4.0,11.0,6.0,0.0,61.0
2020,Febrero,VICALVARO,12.0,1.0,4.0,1.0,7.0,4.0,1.0,30.0
2020,Febrero,SAN BLAS,11.0,6.0,11.0,3.0,13.0,5.0,2.0,51.0
2020,Febrero,BARAJAS,10.0,1.0,3.0,6.0,6.0,3.0,2.0,31.0
2020,Enero,CENTRO,36.0,37.0,36.0,22.0,47.0,10.0,12.0,200.0
2020,Enero,ARGANZUELA,21.0,12.0,24.0,4.0,20.0,11.0,6.0,98.0
2020,Enero,RETIRO,9.0,11.0,9.0,8.0,25.0,4.0,1.0,67.0
2020,Enero,SALAMANCA,11.0,17.0,23.0,6.0,29.0,8.0,6.0,100.0
2020,Enero,CHAMARTIN,12.0,15.0,23.0,4.0,29.0,8.0,11.0,102.0
2020,Enero,TETUAN,20.0,19.0,31.0,9.0,43.0,4.0,7.0,133.0
2020,Enero,CHAMBERI,13.0,15.0,25.0,8.0,27.0,7.0,1.0,96.0
2020,Enero,FUENCARRAL,27.0,14.0,26.0,10.0,49.0,12.0,9.0,147.0
2020,Enero,MONCLOA,12.0,11.0,17.0,3.0,39.0,6.0,5.0,93.0
2020,Enero,LATINA,31.0,10.0,21.0,11.0,56.0,14.0,2.0,145.0
2020,Enero,CARABANCHEL,51.0,15.0,28.0,7.0,44.0,7.0,7.0,159.0
2020,Enero,USERA,25.0,8.0,13.0,3.0,27.0,7.0,6.0,89.0
2020,Enero,PUENTE VALLECAS,47.0,18.0,23.0,5.0,33.0,7.0,4.0,137.0
2020,Enero,MORATALAZ,17.0,4.0,11.0,6.0,16.0,6.0,2.0,62.0
2020,Enero,CIUDAD LINEAL,26.0,13.0,20.0,10.0,37.0,5.0,3.0,114.0
2020,Enero,HORTALEZA,15.0,17.0,16.0,6.0,38.0,4.0,3.0,99.0
2020,Enero,VILLAVERDE,33.0,10.0,18.0,9.0,25.0,6.0,4.0,105.0
2020,Enero,VILLA DE VALLECAS,32.0,7.0,14.0,3.0,24.0,4.0,1.0,85.0
2020,Enero,VICALVARO,17.0,6.0,11.0,3.0,15.0,4.0,0.0,56.0
2020,Enero,SAN BLAS,25.0,18.0,10.0,3.0,38.0,9.0,4.0,107.0
2020,Enero,BARAJAS,5.0,3.0,1.0,2.0,5.0,5.0,0.0,21.0
2021,diciembre,CENTRO,19.0,18.0,47.0,24.0,28.0,36.0,12.0,184.0
2021,diciembre,ARGANZUELA,9.0,4.0,28.0,7.0,23.0,15.0,1.0,87.0
2021,diciembre,RETIRO,12.0,3.0,21.0,12.0,13.0,15.0,7.0,83.0
2021,diciembre,SALAMANCA,14.0,5.0,20.0,8.0,15.0,12.0,12.0,86.0
2021,diciembre,CHAMARTIN,11.0,3.0,24.0,5.0,13.0,20.0,6.0,82.0
2021,diciembre,TETUAN,13.0,8.0,28.0,13.0,17.0,16.0,4.0,99.0
2021,diciembre,CHAMBERI,23.0,7.0,30.0,6.0,15.0,11.0,2.0,94.0
2021,diciembre,FUENCARRAL,10.0,5.0,33.0,7.0,18.0,23.0,8.0,104.0
2021,diciembre,MONCLOA,9.0,6.0,23.0,6.0,16.0,25.0,2.0,87.0
2021,diciembre,LATINA,17.0,2.0,30.0,8.0,17.0,16.0,7.0,97.0
2021,diciembre,CARABANCHEL,29.0,10.0,39.0,10.0,14.0,17.0,0.0,119.0
2021,diciembre,USERA,25.0,1.0,21.0,5.0,7.0,22.0,1.0,82.0
2021,diciembre,PUENTE VALLECAS,32.0,6.0,48.0,7.0,18.0,23.0,10.0,144.0
2021,diciembre,MORATALAZ,8.0,0.0,14.0,5.0,3.0,4.0,1.0,35.0
2021,diciembre,CIUDAD LINEAL,13.0,3.0,44.0,8.0,14.0,20.0,1.0,103.0
2021,diciembre,HORTALEZA,13.0,4.0,19.0,7.0,10.0,23.0,2.0,78.0
2021,diciembre,VILLAVERDE,28.0,2.0,18.0,4.0,12.0,27.0,1.0,92.0
2021,diciembre,VILLA DE VALLECAS,17.0,0.0,21.0,5.0,8.0,12.0,0.0,63.0
2021,diciembre,VICALVARO,20.0,2.0,10.0,2.0,4.0,8.0,3.0,49.0
2021,diciembre,SAN BLAS,19.0,0.0,26.0,5.0,7.0,11.0,2.0,70.0
2021,diciembre,BARAJAS,7.0,0.0,4.0,0.0,9.0,9.0,1.0,30.0
2021,diciembre,FUERA TERMINO MUNICIPAL,0.0,0.0,2.0,0.0,0.0,2.0,1.0,5.0
2021,noviembre,CENTRO,27.0,13.0,48.0,28.0,40.0,32.0,13.0,201.0
2021,noviembre,ARGANZUELA,15.0,4.0,41.0,9.0,21.0,19.0,2.0,111.0
2021,noviembre,RETIRO,4.0,6.0,17.0,11.0,10.0,8.0,1.0,57.0
2021,noviembre,SALAMANCA,18.0,11.0,28.0,6.0,19.0,17.0,13.0,112.0
2021,noviembre,CHAMARTIN,17.0,3.0,24.0,7.0,13.0,19.0,10.0,93.0
2021,noviembre,TETUAN,16.0,10.0,30.0,11.0,20.0,19.0,5.0,111.0
2021,noviembre,CHAMBERI,7.0,12.0,34.0,12.0,11.0,11.0,7.0,94.0
2021,noviembre,FUENCARRAL,28.0,4.0,34.0,10.0,21.0,16.0,7.0,120.0
2021,noviembre,MONCLOA,11.0,11.0,22.0,5.0,13.0,23.0,5.0,90.0
2021,noviembre,LATINA,22.0,6.0,31.0,16.0,10.0,17.0,5.0,107.0
2021,noviembre,CARABANCHEL,21.0,6.0,28.0,9.0,19.0,19.0,1.0,103.0
2021,noviembre,USERA,22.0,2.0,22.0,8.0,5.0,23.0,2.0,84.0
2021,noviembre,PUENTE VALLECAS,31.0,6.0,38.0,16.0,12.0,26.0,11.0,139.0
2021,noviembre,MORATALAZ,5.0,0.0,13.0,6.0,4.0,7.0,2.0,37.0
2021,noviembre,CIUDAD LINEAL,18.0,5.0,35.0,11.0,14.0,15.0,3.0,101.0
2021,noviembre,HORTALEZA,13.0,1.0,30.0,5.0,7.0,26.0,3.0,85.0
2021,noviembre,VILLAVERDE,28.0,4.0,34.0,9.0,11.0,13.0,7.0,106.0
2021,noviembre,VILLA DE VALLECAS,31.0,2.0,27.0,3.0,6.0,19.0,4.0,92.0
2021,noviembre,VICALVARO,16.0,1.0,11.0,4.0,3.0,6.0,3.0,44.0
2021,noviembre,SAN BLAS,12.0,2.0,25.0,8.0,9.0,13.0,7.0,76.0
2021,noviembre,BARAJAS,3.0,0.0,4.0,0.0,3.0,6.0,2.0,18.0
2021,octubre,CENTRO,27.0,23.0,51.0,26.0,24.0,29.0,9.0,189.0
2021,octubre,ARGANZUELA,10.0,5.0,26.0,9.0,12.0,21.0,4.0,87.0
2021,octubre,RETIRO,4.0,7.0,17.0,5.0,8.0,15.0,1.0,57.0
2021,octubre,SALAMANCA,15.0,13.0,31.0,5.0,13.0,18.0,5.0,100.0
2021,octubre,CHAMARTIN,11.0,5.0,28.0,10.0,20.0,9.0,4.0,87.0
2021,octubre,TETUAN,12.0,7.0,24.0,14.0,11.0,23.0,1.0,92.0
2021,octubre,CHAMBERI,7.0,7.0,26.0,10.0,13.0,15.0,1.0,79.0
2021,octubre,FUENCARRAL,21.0,2.0,41.0,6.0,19.0,21.0,8.0,118.0
2021,octubre,MONCLOA,13.0,4.0,32.0,9.0,12.0,17.0,9.0,96.0
2021,octubre,LATINA,16.0,9.0,36.0,9.0,15.0,16.0,5.0,106.0
2021,octubre,CARABANCHEL,23.0,5.0,32.0,10.0,20.0,39.0,4.0,133.0
2021,octubre,USERA,16.0,7.0,25.0,9.0,8.0,19.0,4.0,88.0
2021,octubre,PUENTE VALLECAS,37.0,8.0,29.0,16.0,16.0,22.0,8.0,136.0
2021,octubre,MORATALAZ,4.0,3.0,21.0,2.0,5.0,7.0,1.0,43.0
2021,octubre,CIUDAD LINEAL,17.0,9.0,33.0,17.0,14.0,15.0,2.0,107.0
2021,octubre,HORTALEZA,23.0,0.0,21.0,5.0,15.0,26.0,1.0,91.0
2021,octubre,VILLAVERDE,22.0,5.0,17.0,6.0,8.0,24.0,4.0,86.0
2021,octubre,VILLA DE VALLECAS,17.0,0.0,19.0,4.0,1.0,16.0,3.0,60.0
2021,octubre,VICALVARO,16.0,0.0,9.0,5.0,2.0,8.0,1.0,41.0
2021,octubre,SAN BLAS,15.0,3.0,39.0,4.0,12.0,14.0,5.0,92.0
2021,octubre,BARAJAS,1.0,1.0,5.0,1.0,3.0,6.0,1.0,18.0
2021,octubre,FUERA TERMINO MUNICIPAL,1.0,0.0,0.0,0.0,0.0,2.0,1.0,4.0
2021,septiembre,CENTRO,29.0,28.0,35.0,11.0,18.0,42.0,6.0,169.0
2021,septiembre,ARGANZUELA,5.0,4.0,30.0,7.0,12.0,19.0,3.0,80.0
2021,septiembre,RETIRO,7.0,7.0,20.0,6.0,16.0,10.0,1.0,67.0
2021,septiembre,SALAMANCA,9.0,14.0,45.0,13.0,21.0,21.0,0.0,123.0
2021,septiembre,CHAMARTIN,8.0,5.0,24.0,5.0,25.0,30.0,4.0,101.0
2021,septiembre,TETUAN,17.0,6.0,35.0,7.0,16.0,15.0,2.0,98.0
2021,septiembre,CHAMBERI,12.0,7.0,23.0,14.0,14.0,19.0,1.0,90.0
2021,septiembre,FUENCARRAL,25.0,4.0,32.0,7.0,21.0,29.0,0.0,118.0
2021,septiembre,MONCLOA,13.0,6.0,22.0,11.0,11.0,27.0,3.0,93.0
2021,septiembre,LATINA,19.0,1.0,33.0,10.0,20.0,30.0,0.0,113.0
2021,septiembre,CARABANCHEL,25.0,9.0,42.0,13.0,27.0,28.0,1.0,145.0
2021,septiembre,USERA,14.0,2.0,20.0,5.0,11.0,19.0,2.0,73.0
2021,septiembre,PUENTE VALLECAS,25.0,3.0,37.0,15.0,22.0,31.0,4.0,137.0
2021,septiembre,MORATALAZ,1.0,1.0,25.0,4.0,7.0,10.0,0.0,48.0
2021,septiembre,CIUDAD LINEAL,18.0,5.0,26.0,6.0,12.0,21.0,0.0,88.0
2021,septiembre,HORTALEZA,11.0,4.0,24.0,8.0,11.0,20.0,0.0,78.0
2021,septiembre,VILLAVERDE,30.0,2.0,19.0,17.0,8.0,13.0,0.0,89.0
2021,septiembre,VILLA DE VALLECAS,26.0,3.0,17.0,13.0,7.0,17.0,0.0,83.0
2021,septiembre,VICALVARO,19.0,3.0,9.0,3.0,1.0,8.0,0.0,43.0
2021,septiembre,SAN BLAS,15.0,1.0,30.0,4.0,15.0,11.0,8.0,84.0
2021,septiembre,BARAJAS,7.0,1.0,10.0,1.0,4.0,3.0,1.0,27.0
2021,agosto,CENTRO,45.0,7.0,40.0,23.0,18.0,44.0,0.0,177.0
2021,agosto,ARGANZUELA,14.0,4.0,36.0,13.0,11.0,16.0,3.0,97.0
2021,agosto,RETIRO,14.0,5.0,25.0,5.0,16.0,10.0,1.0,76.0
2021,agosto,SALAMANCA,14.0,5.0,19.0,15.0,13.0,19.0,5.0,90.0
2021,agosto,CHAMARTIN,16.0,2.0,25.0,12.0,14.0,9.0,2.0,80.0
2021,agosto,TETUAN,21.0,5.0,24.0,14.0,11.0,17.0,1.0,93.0
2021,agosto,CHAMBERI,12.0,7.0,19.0,13.0,15.0,17.0,1.0,84.0
2021,agosto,FUENCARRAL,33.0,1.0,42.0,9.0,16.0,17.0,1.0,119.0
2021,agosto,MONCLOA,21.0,7.0,19.0,7.0,14.0,12.0,2.0,82.0
2021,agosto,LATINA,46.0,2.0,48.0,15.0,21.0,15.0,1.0,148.0
2021,agosto,CARABANCHEL,28.0,3.0,35.0,10.0,23.0,23.0,1.0,123.0
2021,agosto,USERA,26.0,0.0,21.0,2.0,10.0,21.0,0.0,80.0
2021,agosto,PUENTE VALLECAS,35.0,3.0,48.0,7.0,6.0,27.0,4.0,130.0
2021,agosto,MORATALAZ,6.0,0.0,19.0,7.0,6.0,3.0,0.0,41.0
2021,agosto,CIUDAD LINEAL,25.0,2.0,31.0,8.0,19.0,16.0,0.0,101.0
2021,agosto,HORTALEZA,21.0,5.0,26.0,6.0,5.0,17.0,1.0,81.0
2021,agosto,VILLAVERDE,39.0,2.0,24.0,8.0,23.0,25.0,0.0,121.0
2021,agosto,VILLA DE VALLECAS,66.0,3.0,14.0,3.0,3.0,28.0,0.0,117.0
2021,agosto,VICALVARO,29.0,1.0,10.0,2.0,8.0,5.0,1.0,56.0
2021,agosto,SAN BLAS,20.0,4.0,40.0,6.0,11.0,16.0,0.0,97.0
2021,agosto,BARAJAS,6.0,1.0,5.0,1.0,3.0,7.0,0.0,23.0
2021,agosto,FUERA TERMINO MUNICIPAL,2.0,0.0,0.0,0.0,0.0,1.0,0.0,3.0
2021,julio,CENTRO,32.0,17.0,52.0,18.0,26.0,29.0,1.0,175.0
2021,julio,ARGANZUELA,15.0,2.0,31.0,9.0,15.0,16.0,0.0,88.0
2021,julio,RETIRO,11.0,4.0,12.0,6.0,4.0,13.0,0.0,50.0
2021,julio,SALAMANCA,13.0,13.0,22.0,4.0,16.0,14.0,2.0,84.0
2021,julio,CHAMARTIN,12.0,3.0,21.0,10.0,17.0,12.0,0.0,75.0
2021,julio,TETUAN,23.0,11.0,30.0,10.0,14.0,24.0,0.0,112.0
2021,julio,CHAMBERI,20.0,7.0,30.0,15.0,9.0,19.0,0.0,100.0
2021,julio,FUENCARRAL,51.0,3.0,30.0,8.0,22.0,44.0,3.0,161.0
2021,julio,MONCLOA,42.0,4.0,24.0,6.0,20.0,28.0,6.0,130.0
2021,julio,LATINA,40.0,6.0,41.0,12.0,17.0,27.0,1.0,144.0
2021,julio,CARABANCHEL,37.0,5.0,40.0,10.0,26.0,30.0,2.0,150.0
2021,julio,USERA,16.0,2.0,31.0,8.0,6.0,15.0,1.0,79.0
2021,julio,PUENTE VALLECAS,50.0,2.0,39.0,9.0,13.0,38.0,5.0,156.0
2021,julio,MORATALAZ,15.0,0.0,18.0,6.0,8.0,9.0,0.0,56.0
2021,julio,CIUDAD LINEAL,18.0,5.0,29.0,4.0,24.0,16.0,1.0,97.0
2021,julio,HORTALEZA,30.0,0.0,30.0,8.0,20.0,20.0,0.0,108.0
2021,julio,VILLAVERDE,57.0,1.0,30.0,6.0,5.0,14.0,1.0,114.0
2021,julio,VILLA DE VALLECAS,62.0,0.0,12.0,3.0,7.0,25.0,2.0,111.0
2021,julio,VICALVARO,28.0,0.0,11.0,6.0,3.0,11.0,1.0,60.0
2021,julio,SAN BLAS,12.0,1.0,18.0,6.0,17.0,11.0,1.0,66.0
2021,julio,BARAJAS,7.0,0.0,7.0,2.0,1.0,5.0,0.0,22.0
2021,julio,FUERA TERMINO MUNICIPAL,2.0,0.0,1.0,0.0,0.0,1.0,0.0,4.0
2021,junio,CENTRO,20.0,27.0,47.0,23.0,27.0,31.0,7.0,182.0
2021,junio,ARGANZUELA,15.0,10.0,20.0,7.0,18.0,17.0,1.0,88.0
2021,junio,RETIRO,14.0,6.0,16.0,5.0,19.0,14.0,5.0,79.0
2021,junio,SALAMANCA,16.0,15.0,21.0,14.0,26.0,21.0,3.0,116.0
2021,junio,CHAMARTIN,9.0,10.0,17.0,8.0,29.0,18.0,4.0,95.0
2021,junio,TETUAN,17.0,23.0,35.0,10.0,14.0,29.0,1.0,129.0
2021,junio,CHAMBERI,30.0,18.0,27.0,9.0,25.0,20.0,2.0,131.0
2021,junio,FUENCARRAL,17.0,4.0,38.0,9.0,28.0,29.0,1.0,126.0
2021,junio,MONCLOA,16.0,4.0,19.0,8.0,28.0,26.0,3.0,104.0
2021,junio,LATINA,33.0,8.0,36.0,18.0,31.0,38.0,4.0,168.0
2021,junio,CARABANCHEL,46.0,7.0,42.0,7.0,27.0,26.0,2.0,157.0
2021,junio,USERA,19.0,4.0,19.0,6.0,23.0,21.0,1.0,93.0
2021,junio,PUENTE VALLECAS,25.0,14.0,30.0,10.0,25.0,21.0,5.0,130.0
2021,junio,MORATALAZ,9.0,1.0,14.0,6.0,15.0,14.0,4.0,63.0
2021,junio,CIUDAD LINEAL,30.0,4.0,27.0,4.0,26.0,22.0,0.0,113.0
2021,junio,HORTALEZA,38.0,7.0,22.0,6.0,24.0,30.0,1.0,128.0
2021,junio,VILLAVERDE,66.0,7.0,16.0,7.0,24.0,21.0,4.0,145.0
2021,junio,VILLA DE VALLECAS,70.0,3.0,12.0,7.0,12.0,20.0,2.0,126.0
2021,junio,VICALVARO,23.0,1.0,14.0,1.0,6.0,14.0,2.0,61.0
2021,junio,SAN BLAS,26.0,4.0,27.0,7.0,21.0,15.0,1.0,101.0
2021,junio,BARAJAS,8.0,2.0,11.0,1.0,12.0,12.0,2.0,47.0
2021,mayo,ARGANZUELA,14.0,4.0,20.0,7.0,16.0,9.0,4.0,74.0
2021,mayo,RETIRO,17.0,3.0,15.0,3.0,17.0,11.0,3.0,69.0
2021,mayo,SALAMANCA,13.0,6.0,33.0,7.0,17.0,23.0,6.0,105.0
2021,mayo,CHAMARTIN,11.0,8.0,21.0,3.0,22.0,15.0,3.0,83.0
2021,mayo,TETUAN,19.0,10.0,21.0,4.0,10.0,13.0,3.0,80.0
2021,mayo,CHAMBERI,20.0,12.0,25.0,8.0,12.0,14.0,4.0,95.0
2021,mayo,FUENCARRAL,21.0,5.0,35.0,6.0,28.0,31.0,6.0,132.0
2021,mayo,MONCLOA,25.0,1.0,22.0,5.0,19.0,11.0,9.0,92.0
2021,mayo,LATINA,41.0,1.0,32.0,12.0,11.0,36.0,4.0,137.0
2021,mayo,CARABANCHEL,31.0,4.0,31.0,8.0,26.0,22.0,6.0,128.0
2021,mayo,USERA,15.0,2.0,15.0,5.0,16.0,15.0,2.0,70.0
2021,mayo,PUENTE VALLECAS,21.0,8.0,36.0,9.0,16.0,26.0,6.0,122.0
2021,mayo,MORATALAZ,13.0,3.0,10.0,5.0,6.0,7.0,0.0,44.0
2021,mayo,CIUDAD LINEAL,18.0,11.0,50.0,3.0,19.0,18.0,3.0,122.0
2021,mayo,HORTALEZA,25.0,3.0,22.0,2.0,14.0,15.0,3.0,84.0
2021,mayo,VILLAVERDE,33.0,1.0,20.0,8.0,10.0,17.0,1.0,90.0
2021,mayo,VILLA DE VALLECAS,29.0,2.0,29.0,4.0,13.0,18.0,3.0,98.0
2021,mayo,VICALVARO,13.0,1.0,12.0,3.0,6.0,11.0,0.0,46.0
2021,mayo,SAN BLAS,17.0,4.0,24.0,4.0,17.0,21.0,2.0,89.0
2021,mayo,BARAJAS,3.0,0.0,7.0,3.0,0.0,8.0,1.0,22.0
2021,mayo,FUERA TERMINO MUNICIPAL,0.0,0.0,1.0,0.0,0.0,0.0,2.0,3.0
2021,abril,CENTRO,12.0,28.0,24.0,9.0,21.0,20.0,12.0,126.0
2021,abril,ARGANZUELA,11.0,11.0,14.0,5.0,13.0,8.0,6.0,68.0
2021,abril,RETIRO,6.0,1.0,12.0,3.0,14.0,6.0,2.0,44.0
2021,abril,SALAMANCA,8.0,21.0,28.0,8.0,16.0,12.0,7.0,100.0
2021,abril,CHAMARTIN,13.0,6.0,18.0,1.0,18.0,15.0,4.0,75.0
2021,abril,TETUAN,14.0,11.0,15.0,3.0,14.0,17.0,3.0,77.0
2021,abril,CHAMBERI,6.0,12.0,33.0,4.0,10.0,12.0,1.0,78.0
2021,abril,FUENCARRAL,19.0,7.0,21.0,8.0,13.0,29.0,8.0,105.0
2021,abril,MONCLOA,19.0,3.0,32.0,6.0,16.0,21.0,12.0,109.0
2021,abril,LATINA,44.0,7.0,29.0,8.0,12.0,23.0,10.0,133.0
2021,abril,CARABANCHEL,15.0,4.0,25.0,3.0,21.0,21.0,4.0,93.0
2021,abril,USERA,16.0,3.0,11.0,7.0,5.0,16.0,2.0,60.0
2021,abril,PUENTE VALLECAS,16.0,10.0,23.0,11.0,19.0,21.0,6.0,106.0
2021,abril,MORATALAZ,8.0,5.0,12.0,10.0,6.0,10.0,0.0,51.0
2021,abril,CIUDAD LINEAL,7.0,7.0,24.0,9.0,19.0,16.0,4.0,86.0
2021,abril,HORTALEZA,7.0,4.0,21.0,4.0,15.0,17.0,5.0,73.0
2021,abril,VILLAVERDE,20.0,7.0,22.0,10.0,11.0,13.0,5.0,88.0
2021,abril,VILLA DE VALLECAS,24.0,3.0,9.0,9.0,5.0,15.0,1.0,66.0
2021,abril,VICALVARO,15.0,0.0,11.0,1.0,0.0,8.0,3.0,38.0
2021,abril,SAN BLAS,14.0,5.0,18.0,4.0,15.0,6.0,0.0,62.0
2021,abril,BARAJAS,2.0,0.0,3.0,0.0,6.0,4.0,3.0,18.0
2021,abril,FUERA TERMINO MUNICIPAL,0.0,0.0,1.0,0.0,0.0,0.0,0.0,1.0
2021,marzo,CENTRO,17.0,26.0,35.0,10.0,22.0,31.0,3.0,144.0
2021,marzo,ARGANZUELA,13.0,7.0,23.0,7.0,13.0,10.0,2.0,75.0
2021,marzo,RETIRO,4.0,5.0,20.0,4.0,4.0,16.0,1.0,54.0
2021,marzo,SALAMANCA,10.0,8.0,22.0,16.0,31.0,20.0,5.0,112.0
2021,marzo,CHAMARTIN,12.0,1.0,16.0,5.0,18.0,14.0,7.0,73.0
2021,marzo,TETUAN,14.0,13.0,20.0,2.0,20.0,13.0,5.0,87.0
2021,marzo,CHAMBERI,18.0,10.0,26.0,10.0,12.0,11.0,4.0,91.0
2021,marzo,FUENCARRAL,28.0,2.0,24.0,4.0,14.0,20.0,8.0,100.0
2021,marzo,MONCLOA,13.0,5.0,16.0,8.0,21.0,21.0,6.0,90.0
2021,marzo,LATINA,21.0,3.0,22.0,3.0,17.0,20.0,9.0,95.0
2021,marzo,CARABANCHEL,14.0,5.0,27.0,5.0,17.0,31.0,3.0,102.0
2021,marzo,USERA,17.0,1.0,18.0,2.0,9.0,21.0,1.0,69.0
2021,marzo,PUENTE VALLECAS,44.0,8.0,25.0,8.0,15.0,33.0,2.0,135.0
2021,marzo,MORATALAZ,9.0,0.0,14.0,0.0,6.0,5.0,0.0,34.0
2021,marzo,CIUDAD LINEAL,14.0,1.0,21.0,4.0,18.0,23.0,4.0,85.0
2021,marzo,HORTALEZA,20.0,1.0,21.0,2.0,20.0,15.0,4.0,83.0
2021,marzo,VILLAVERDE,26.0,4.0,14.0,3.0,13.0,12.0,4.0,76.0
2021,marzo,VILLA DE VALLECAS,18.0,0.0,8.0,4.0,9.0,17.0,5.0,61.0
2021,marzo,VICALVARO,10.0,1.0,7.0,1.0,8.0,5.0,0.0,32.0
2021,marzo,SAN BLAS,18.0,3.0,17.0,4.0,19.0,16.0,2.0,79.0
2021,marzo,BARAJAS,3.0,0.0,4.0,1.0,7.0,8.0,2.0,25.0
2021,febrero,CENTRO,20.0,18.0,21.0,13.0,32.0,41.0,4.0,149.0
2021,febrero,ARGANZUELA,9.0,10.0,18.0,2.0,15.0,14.0,4.0,72.0
2021,febrero,RETIRO,4.0,10.0,10.0,3.0,15.0,7.0,4.0,53.0
2021,febrero,SALAMANCA,7.0,12.0,13.0,5.0,37.0,19.0,8.0,101.0
2021,febrero,CHAMARTIN,6.0,4.0,10.0,1.0,30.0,14.0,5.0,70.0
2021,febrero,TETUAN,8.0,14.0,26.0,9.0,16.0,17.0,2.0,92.0
2021,febrero,CHAMBERI,8.0,17.0,22.0,3.0,16.0,9.0,5.0,80.0
2021,febrero,FUENCARRAL,15.0,0.0,22.0,1.0,37.0,13.0,10.0,98.0
2021,febrero,MONCLOA,10.0,3.0,16.0,4.0,21.0,11.0,5.0,70.0
2021,febrero,LATINA,13.0,9.0,20.0,8.0,21.0,25.0,10.0,106.0
2021,febrero,CARABANCHEL,30.0,7.0,29.0,9.0,23.0,26.0,6.0,130.0
2021,febrero,USERA,17.0,1.0,16.0,3.0,14.0,17.0,5.0,73.0
2021,febrero,PUENTE VALLECAS,28.0,8.0,23.0,7.0,18.0,21.0,5.0,110.0
2021,febrero,MORATALAZ,7.0,0.0,6.0,4.0,28.0,10.0,1.0,56.0
2021,febrero,CIUDAD LINEAL,11.0,5.0,12.0,4.0,40.0,14.0,2.0,88.0
2021,febrero,HORTALEZA,12.0,3.0,13.0,6.0,44.0,19.0,3.0,100.0
2021,febrero,VILLAVERDE,14.0,1.0,19.0,3.0,10.0,11.0,4.0,62.0
2021,febrero,VILLA DE VALLECAS,17.0,3.0,14.0,5.0,9.0,5.0,6.0,59.0
2021,febrero,VICALVARO,3.0,3.0,7.0,1.0,6.0,8.0,2.0,30.0
2021,febrero,SAN BLAS,17.0,4.0,16.0,5.0,27.0,14.0,10.0,93.0
2021,febrero,BARAJAS,5.0,1.0,1.0,6.0,6.0,8.0,5.0,32.0
2021,febrero,FUERA TERMINO MUNICIPAL,0.0,0.0,0.0,0.0,1.0,0.0,0.0,1.0
2021,enero,CENTRO,15.0,160.0,45.0,40.0,49.0,96.0,22.0,427.0
2021,enero,ARGANZUELA,4.0,27.0,21.0,21.0,36.0,33.0,8.0,150.0
2021,enero,RETIRO,2.0,27.0,22.0,8.0,35.0,25.0,5.0,124.0
2021,enero,SALAMANCA,10.0,81.0,39.0,19.0,65.0,44.0,12.0,270.0
2021,enero,CHAMARTIN,11.0,27.0,31.0,18.0,71.0,47.0,12.0,217.0
2021,enero,TETUAN,12.0,71.0,42.0,14.0,36.0,51.0,14.0,240.0
2021,enero,CHAMBERI,7.0,68.0,35.0,16.0,37.0,42.0,10.0,215.0
2021,enero,FUENCARRAL,22.0,30.0,51.0,35.0,128.0,81.0,23.0,370.0
2021,enero,MONCLOA,7.0,26.0,42.0,30.0,97.0,55.0,11.0,268.0
2021,enero,LATINA,11.0,28.0,44.0,24.0,134.0,71.0,12.0,324.0
2021,enero,CARABANCHEL,27.0,36.0,38.0,36.0,68.0,66.0,5.0,276.0
2021,enero,USERA,14.0,23.0,23.0,16.0,54.0,35.0,10.0,175.0
2021,enero,PUENTE VALLECAS,28.0,46.0,53.0,29.0,74.0,63.0,20.0,313.0
2021,enero,MORATALAZ,5.0,3.0,12.0,13.0,31.0,15.0,3.0,82.0
2021,enero,CIUDAD LINEAL,7.0,46.0,46.0,11.0,145.0,64.0,13.0,332.0
2021,enero,HORTALEZA,16.0,30.0,35.0,25.0,111.0,44.0,7.0,268.0
2021,enero,VILLAVERDE,20.0,25.0,25.0,37.0,68.0,48.0,4.0,227.0
2021,enero,VILLA DE VALLECAS,17.0,16.0,32.0,19.0,22.0,39.0,5.0,150.0
2021,enero,VICALVARO,7.0,15.0,18.0,9.0,13.0,21.0,2.0,85.0
2021,enero,SAN BLAS,11.0,27.0,30.0,23.0,89.0,39.0,3.0,222.0
2021,enero,BARAJAS,3.0,12.0,7.0,12.0,16.0,19.0,3.0,72.0
2022,diciembre,CENTRO,26.0,40.0,56.0,41.0,70.0,84.0,14.0,331.0
2022,diciembre,ARGANZUELA,6.0,11.0,12.0,10.0,6.0,34.0,2.0,81.0
2022,diciembre,RETIRO,4.0,9.0,15.0,12.0,10.0,16.0,2.0,68.0
2022,diciembre,SALAMANCA,7.0,15.0,31.0,13.0,23.0,29.0,8.0,126.0
2022,diciembre,CHAMARTIN,13.0,7.0,21.0,20.0,21.0,21.0,3.0,106.0
2022,diciembre,TETUAN,12.0,16.0,22.0,24.0,18.0,32.0,7.0,131.0
2022,diciembre,CHAMBERI,13.0,11.0,23.0,7.0,11.0,24.0,4.0,93.0
2022,diciembre,FUENCARRAL,22.0,3.0,27.0,12.0,23.0,29.0,7.0,123.0
2022,diciembre,MONCLOA,11.0,6.0,11.0,11.0,23.0,27.0,11.0,100.0
2022,diciembre,LATINA,15.0,7.0,47.0,16.0,18.0,34.0,8.0,145.0
2022,diciembre,CARABANCHEL,10.0,7.0,24.0,15.0,19.0,35.0,3.0,113.0
2022,diciembre,USERA,19.0,10.0,13.0,12.0,15.0,32.0,3.0,104.0
2022,diciembre,PUENTE VALLECAS,23.0,13.0,37.0,15.0,26.0,32.0,45.0,191.0
2022,diciembre,MORATALAZ,8.0,2.0,11.0,12.0,8.0,13.0,3.0,57.0
2022,diciembre,CIUDAD LINEAL,8.0,7.0,35.0,12.0,10.0,32.0,5.0,109.0
2022,diciembre,HORTALEZA,11.0,6.0,24.0,7.0,20.0,21.0,4.0,93.0
2022,diciembre,VILLAVERDE,24.0,6.0,12.0,13.0,14.0,23.0,6.0,98.0
2022,diciembre,VILLA DE VALLECAS,8.0,3.0,23.0,5.0,13.0,21.0,1.0,74.0
2022,diciembre,VICALVARO,10.0,4.0,9.0,8.0,5.0,8.0,4.0,48.0
2022,diciembre,SAN BLAS,11.0,11.0,13.0,6.0,23.0,23.0,3.0,90.0
2022,diciembre,BARAJAS,1.0,2.0,7.0,6.0,8.0,5.0,5.0,34.0
2022,diciembre,FUERA TERMINO MUNICIPAL,0.0,0.0,0.0,0.0,1.0,1.0,0.0,2.0
2022,noviembre,CENTRO,22.0,34.0,40.0,13.0,49.0,56.0,24.0,238.0
2022,noviembre,ARGANZUELA,10.0,9.0,22.0,6.0,18.0,17.0,0.0,82.0
2022,noviembre,RETIRO,6.0,7.0,21.0,8.0,16.0,23.0,6.0,87.0
2022,noviembre,SALAMANCA,8.0,10.0,15.0,12.0,28.0,26.0,17.0,116.0
2022,noviembre,CHAMARTIN,12.0,6.0,18.0,10.0,33.0,18.0,6.0,103.0
2022,noviembre,TETUAN,10.0,4.0,22.0,14.0,11.0,22.0,12.0,95.0
2022,noviembre,CHAMBERI,9.0,5.0,18.0,15.0,20.0,17.0,3.0,87.0
2022,noviembre,FUENCARRAL,16.0,4.0,25.0,16.0,26.0,40.0,5.0,132.0
2022,noviembre,MONCLOA,9.0,10.0,22.0,7.0,30.0,25.0,8.0,111.0
2022,noviembre,LATINA,14.0,8.0,33.0,7.0,22.0,33.0,5.0,122.0
2022,noviembre,CARABANCHEL,22.0,6.0,30.0,10.0,24.0,42.0,4.0,138.0
2022,noviembre,USERA,12.0,4.0,15.0,6.0,13.0,21.0,5.0,76.0
2022,noviembre,PUENTE VALLECAS,31.0,8.0,40.0,3.0,21.0,47.0,54.0,204.0
2022,noviembre,MORATALAZ,3.0,4.0,11.0,4.0,12.0,11.0,2.0,47.0
2022,noviembre,CIUDAD LINEAL,9.0,6.0,19.0,11.0,14.0,25.0,5.0,89.0
2022,noviembre,HORTALEZA,3.0,3.0,20.0,5.0,17.0,28.0,4.0,80.0
2022,noviembre,VILLAVERDE,25.0,1.0,19.0,5.0,15.0,21.0,3.0,89.0
2022,noviembre,VILLA DE VALLECAS,3.0,1.0,8.0,6.0,13.0,14.0,2.0,47.0
2022,noviembre,VICALVARO,8.0,2.0,12.0,3.0,5.0,12.0,5.0,47.0
2022,noviembre,SAN BLAS,10.0,5.0,18.0,7.0,18.0,12.0,8.0,78.0
2022,noviembre,BARAJAS,3.0,1.0,4.0,5.0,8.0,5.0,0.0,26.0
2022,noviembre,FUERA TERMINO MUNICIPAL,0.0,0.0,0.0,0.0,0.0,2.0,4.0,6.0
2022,octubre,CENTRO,19.0,28.0,47.0,11.0,46.0,62.0,21.0,234.0
2022,octubre,ARGANZUELA,9.0,9.0,17.0,4.0,22.0,24.0,4.0,89.0
2022,octubre,RETIRO,5.0,8.0,20.0,3.0,20.0,11.0,4.0,71.0
2022,octubre,SALAMANCA,15.0,7.0,17.0,8.0,31.0,27.0,15.0,120.0
2022,octubre,CHAMARTIN,12.0,8.0,18.0,4.0,35.0,23.0,10.0,110.0
2022,octubre,TETUAN,23.0,12.0,27.0,5.0,14.0,26.0,1.0,108.0
2022,octubre,CHAMBERI,20.0,9.0,32.0,11.0,34.0,23.0,2.0,131.0
2022,octubre,FUENCARRAL,25.0,7.0,21.0,12.0,55.0,29.0,14.0,163.0
2022,octubre,MONCLOA,13.0,7.0,19.0,3.0,38.0,22.0,6.0,108.0
2022,octubre,LATINA,27.0,9.0,29.0,7.0,36.0,21.0,4.0,133.0
2022,octubre,CARABANCHEL,32.0,10.0,41.0,3.0,31.0,32.0,4.0,153.0
2022,octubre,USERA,23.0,4.0,22.0,2.0,17.0,18.0,1.0,87.0
2022,octubre,PUENTE VALLECAS,24.0,11.0,31.0,6.0,43.0,32.0,57.0,204.0
2022,octubre,MORATALAZ,5.0,4.0,10.0,3.0,18.0,11.0,1.0,52.0
2022,octubre,CIUDAD LINEAL,10.0,5.0,30.0,6.0,38.0,21.0,3.0,113.0
2022,octubre,HORTALEZA,3.0,4.0,26.0,7.0,35.0,27.0,0.0,102.0
2022,octubre,VILLAVERDE,26.0,7.0,21.0,9.0,21.0,18.0,2.0,104.0
2022,octubre,VILLA DE VALLECAS,28.0,5.0,14.0,3.0,8.0,11.0,1.0,70.0
2022,octubre,VICALVARO,19.0,3.0,6.0,4.0,10.0,7.0,1.0,50.0
2022,octubre,SAN BLAS,9.0,5.0,27.0,5.0,18.0,15.0,10.0,89.0
2022,octubre,BARAJAS,2.0,1.0,5.0,5.0,15.0,8.0,4.0,40.0
2022,octubre,FUERA TERMINO MUNICIPAL,3.0,0.0,0.0,0.0,1.0,3.0,3.0,10.0
2022,septiembre,CENTRO,37.0,19.0,39.0,17.0,35.0,65.0,15.0,227.0
2022,septiembre,ARGANZUELA,16.0,8.0,29.0,9.0,33.0,23.0,2.0,120.0
2022,septiembre,RETIRO,7.0,7.0,15.0,7.0,30.0,14.0,2.0,82.0
2022,septiembre,SALAMANCA,17.0,16.0,27.0,9.0,29.0,32.0,7.0,137.0
2022,septiembre,CHAMARTIN,27.0,5.0,27.0,7.0,40.0,23.0,10.0,139.0
2022,septiembre,TETUAN,9.0,11.0,33.0,12.0,24.0,25.0,3.0,117.0
2022,septiembre,CHAMBERI,10.0,13.0,31.0,6.0,21.0,24.0,4.0,109.0
2022,septiembre,FUENCARRAL,24.0,1.0,25.0,14.0,43.0,23.0,9.0,139.0
2022,septiembre,MONCLOA,13.0,3.0,27.0,8.0,32.0,23.0,6.0,112.0
2022,septiembre,LATINA,22.0,6.0,34.0,9.0,32.0,22.0,10.0,135.0
2022,septiembre,CARABANCHEL,37.0,8.0,28.0,16.0,32.0,30.0,6.0,157.0
2022,septiembre,USERA,15.0,5.0,22.0,7.0,26.0,18.0,2.0,95.0
2022,septiembre,PUENTE VALLECAS,26.0,9.0,31.0,7.0,37.0,25.0,2.0,137.0
2022,septiembre,MORATALAZ,6.0,4.0,16.0,4.0,19.0,12.0,0.0,61.0
2022,septiembre,CIUDAD LINEAL,11.0,8.0,30.0,6.0,36.0,24.0,0.0,115.0
2022,septiembre,HORTALEZA,8.0,3.0,21.0,12.0,30.0,16.0,2.0,92.0
2022,septiembre,VILLAVERDE,44.0,2.0,14.0,5.0,24.0,37.0,3.0,129.0
2022,septiembre,VILLA DE VALLECAS,33.0,3.0,14.0,4.0,12.0,12.0,3.0,81.0
2022,septiembre,VICALVARO,13.0,1.0,6.0,3.0,15.0,9.0,1.0,48.0
2022,septiembre,SAN BLAS,11.0,4.0,15.0,5.0,29.0,23.0,4.0,91.0
2022,septiembre,BARAJAS,1.0,4.0,5.0,7.0,10.0,7.0,6.0,40.0
2022,septiembre,FUERA TERMINO MUNICIPAL,5.0,0.0,2.0,1.0,2.0,1.0,0.0,11.0
2022,agosto,CENTRO,45.0,10.0,58.0,28.0,38.0,49.0,6.0,234.0
2022,agosto,ARGANZUELA,15.0,4.0,20.0,17.0,39.0,19.0,2.0,116.0
2022,agosto,RETIRO,5.0,9.0,28.0,11.0,27.0,13.0,0.0,93.0
2022,agosto,SALAMANCA,12.0,11.0,25.0,15.0,14.0,19.0,3.0,99.0
2022,agosto,CHAMARTIN,18.0,7.0,28.0,6.0,30.0,13.0,4.0,106.0
2022,agosto,TETUAN,17.0,8.0,39.0,13.0,24.0,15.0,7.0,123.0
2022,agosto,CHAMBERI,17.0,4.0,40.0,16.0,25.0,18.0,1.0,121.0
2022,agosto,FUENCARRAL,18.0,5.0,34.0,14.0,30.0,25.0,1.0,127.0
2022,agosto,MONCLOA,10.0,3.0,25.0,8.0,30.0,26.0,4.0,106.0
2022,agosto,LATINA,25.0,2.0,39.0,20.0,37.0,31.0,2.0,156.0
2022,agosto,CARABANCHEL,39.0,8.0,52.0,14.0,34.0,24.0,0.0,171.0
2022,agosto,USERA,25.0,5.0,20.0,2.0,24.0,18.0,1.0,95.0
2022,agosto,PUENTE VALLECAS,34.0,8.0,37.0,5.0,48.0,24.0,3.0,159.0
2022,agosto,MORATALAZ,13.0,1.0,15.0,4.0,16.0,7.0,0.0,56.0
2022,agosto,CIUDAD LINEAL,14.0,5.0,37.0,11.0,26.0,24.0,2.0,119.0
2022,agosto,HORTALEZA,12.0,1.0,25.0,17.0,24.0,15.0,5.0,99.0
2022,agosto,VILLAVERDE,35.0,3.0,29.0,9.0,28.0,16.0,2.0,122.0
2022,agosto,VILLA DE VALLECAS,44.0,3.0,18.0,6.0,14.0,25.0,2.0,112.0
2022,agosto,VICALVARO,16.0,1.0,9.0,3.0,5.0,15.0,1.0,50.0
2022,agosto,SAN BLAS,18.0,5.0,30.0,8.0,19.0,21.0,2.0,103.0
2022,agosto,BARAJAS,6.0,2.0,6.0,7.0,7.0,10.0,0.0,38.0
2022,agosto,FUERA TERMINO MUNICIPAL,2.0,0.0,2.0,0.0,2.0,3.0,1.0,10.0
2022,julio,CENTRO,51.0,16.0,58.0,23.0,38.0,69.0,8.0,263.0
2022,julio,ARGANZUELA,19.0,7.0,26.0,11.0,28.0,26.0,2.0,119.0
2022,julio,RETIRO,12.0,6.0,20.0,8.0,24.0,30.0,3.0,103.0
2022,julio,SALAMANCA,18.0,10.0,31.0,12.0,31.0,23.0,8.0,133.0
2022,julio,CHAMARTIN,17.0,9.0,26.0,9.0,43.0,33.0,5.0,142.0
2022,julio,TETUAN,23.0,11.0,30.0,19.0,25.0,31.0,1.0,140.0
2022,julio,CHAMBERI,15.0,6.0,37.0,20.0,50.0,40.0,4.0,172.0
2022,julio,FUENCARRAL,39.0,6.0,26.0,12.0,35.0,29.0,12.0,159.0
2022,julio,MONCLOA,26.0,3.0,30.0,10.0,31.0,26.0,4.0,130.0
2022,julio,LATINA,27.0,11.0,42.0,11.0,44.0,33.0,6.0,174.0
2022,julio,CARABANCHEL,47.0,10.0,38.0,16.0,42.0,39.0,5.0,197.0
2022,julio,USERA,32.0,0.0,24.0,7.0,14.0,21.0,4.0,102.0
2022,julio,PUENTE VALLECAS,34.0,9.0,58.0,12.0,38.0,49.0,6.0,206.0
2022,julio,MORATALAZ,9.0,3.0,22.0,2.0,26.0,10.0,2.0,74.0
2022,julio,CIUDAD LINEAL,37.0,8.0,28.0,7.0,38.0,40.0,2.0,160.0
2022,julio,HORTALEZA,22.0,6.0,33.0,13.0,35.0,29.0,2.0,140.0
2022,julio,VILLAVERDE,67.0,1.0,22.0,9.0,29.0,24.0,2.0,154.0
2022,julio,VILLA DE VALLECAS,53.0,6.0,16.0,7.0,10.0,18.0,4.0,114.0
2022,julio,VICALVARO,14.0,2.0,8.0,3.0,9.0,9.0,0.0,45.0
2022,julio,SAN BLAS,18.0,2.0,35.0,8.0,20.0,21.0,1.0,105.0
2022,julio,BARAJAS,11.0,0.0,9.0,3.0,5.0,14.0,8.0,50.0
2022,julio,FUERA TERMINO MUNICIPAL,5.0,0.0,1.0,0.0,1.0,3.0,0.0,10.0
2022,junio,CENTRO,52.0,27.0,44.0,19.0,48.0,57.0,10.0,257.0
2022,junio,ARGANZUELA,18.0,6.0,35.0,13.0,21.0,26.0,8.0,127.0
2022,junio,RETIRO,5.0,4.0,15.0,4.0,16.0,21.0,8.0,73.0
2022,junio,SALAMANCA,30.0,12.0,35.0,10.0,12.0,36.0,8.0,143.0
2022,junio,CHAMARTIN,18.0,7.0,21.0,6.0,28.0,28.0,2.0,110.0
2022,junio,TETUAN,17.0,10.0,37.0,13.0,17.0,43.0,5.0,142.0
2022,junio,CHAMBERI,19.0,12.0,34.0,9.0,15.0,30.0,1.0,120.0
2022,junio,FUENCARRAL,61.0,4.0,41.0,7.0,25.0,37.0,6.0,181.0
2022,junio,MONCLOA,27.0,6.0,21.0,3.0,20.0,23.0,8.0,108.0
2022,junio,LATINA,34.0,12.0,33.0,9.0,22.0,33.0,18.0,161.0
2022,junio,CARABANCHEL,36.0,8.0,46.0,11.0,23.0,27.0,4.0,155.0
2022,junio,USERA,27.0,1.0,31.0,9.0,14.0,24.0,5.0,111.0
2022,junio,PUENTE VALLECAS,37.0,8.0,38.0,12.0,26.0,31.0,2.0,154.0
2022,junio,MORATALAZ,10.0,2.0,16.0,4.0,14.0,4.0,2.0,52.0
2022,junio,CIUDAD LINEAL,32.0,9.0,25.0,12.0,29.0,31.0,6.0,144.0
2022,junio,HORTALEZA,47.0,7.0,23.0,8.0,35.0,32.0,8.0,160.0
2022,junio,VILLAVERDE,92.0,1.0,26.0,8.0,17.0,26.0,10.0,180.0
2022,junio,VILLA DE VALLECAS,75.0,5.0,19.0,3.0,11.0,24.0,7.0,144.0
2022,junio,VICALVARO,18.0,3.0,8.0,6.0,7.0,12.0,2.0,56.0
2022,junio,SAN BLAS,16.0,5.0,36.0,3.0,24.0,18.0,6.0,108.0
2022,junio,BARAJAS,10.0,0.0,3.0,1.0,8.0,11.0,5.0,38.0
2022,junio,FUERA TERMINO MUNICIPAL,3.0,0.0,0.0,0.0,2.0,1.0,1.0,7.0
2022,mayo,CENTRO,46.0,21.0,67.0,9.0,48.0,50.0,7.0,248.0
2022,mayo,ARGANZUELA,30.0,7.0,22.0,6.0,14.0,22.0,8.0,109.0
2022,mayo,RETIRO,17.0,5.0,24.0,9.0,15.0,15.0,0.0,85.0
2022,mayo,SALAMANCA,16.0,18.0,32.0,5.0,20.0,15.0,15.0,121.0
2022,mayo,CHAMARTIN,12.0,7.0,19.0,5.0,24.0,19.0,10.0,96.0
2022,mayo,TETUAN,22.0,13.0,23.0,7.0,13.0,25.0,5.0,108.0
2022,mayo,CHAMBERI,15.0,5.0,27.0,10.0,21.0,19.0,6.0,103.0
2022,mayo,FUENCARRAL,31.0,3.0,23.0,8.0,16.0,26.0,14.0,121.0
2022,mayo,MONCLOA,27.0,4.0,22.0,11.0,21.0,20.0,6.0,111.0
2022,mayo,LATINA,21.0,10.0,43.0,8.0,17.0,32.0,8.0,139.0
2022,mayo,CARABANCHEL,23.0,9.0,49.0,11.0,15.0,23.0,6.0,136.0
2022,mayo,USERA,19.0,3.0,20.0,6.0,10.0,14.0,4.0,76.0
2022,mayo,PUENTE VALLECAS,40.0,12.0,39.0,9.0,26.0,24.0,7.0,157.0
2022,mayo,MORATALAZ,16.0,3.0,15.0,6.0,11.0,10.0,4.0,65.0
2022,mayo,CIUDAD LINEAL,16.0,4.0,34.0,10.0,18.0,27.0,2.0,111.0
2022,mayo,HORTALEZA,23.0,3.0,29.0,10.0,19.0,22.0,0.0,106.0
2022,mayo,VILLAVERDE,39.0,5.0,26.0,25.0,18.0,16.0,3.0,132.0
2022,mayo,VILLA DE VALLECAS,43.0,2.0,35.0,10.0,12.0,25.0,3.0,130.0
2022,mayo,VICALVARO,8.0,0.0,7.0,1.0,10.0,6.0,4.0,36.0
2022,mayo,SAN BLAS,16.0,8.0,27.0,3.0,11.0,21.0,6.0,92.0
2022,mayo,BARAJAS,5.0,2.0,7.0,2.0,9.0,4.0,1.0,30.0
2022,mayo,FUERA TERMINO MUNICIPAL,3.0,0.0,0.0,0.0,1.0,3.0,0.0,7.0
2022,abril,CENTRO,22.0,27.0,53.0,25.0,27.0,45.0,4.0,203.0
2022,abril,ARGANZUELA,24.0,6.0,18.0,5.0,24.0,18.0,2.0,97.0
2022,abril,RETIRO,6.0,3.0,15.0,2.0,12.0,14.0,0.0,52.0
2022,abril,SALAMANCA,8.0,14.0,43.0,12.0,18.0,19.0,7.0,121.0
2022,abril,CHAMARTIN,13.0,8.0,20.0,7.0,18.0,17.0,9.0,92.0
2022,abril,TETUAN,11.0,15.0,35.0,15.0,17.0,19.0,4.0,116.0
2022,abril,CHAMBERI,13.0,13.0,31.0,13.0,11.0,15.0,1.0,97.0
2022,abril,FUENCARRAL,17.0,7.0,23.0,6.0,24.0,25.0,5.0,107.0
2022,abril,MONCLOA,15.0,7.0,19.0,2.0,28.0,12.0,6.0,89.0
2022,abril,LATINA,6.0,9.0,35.0,10.0,10.0,21.0,13.0,104.0
2022,abril,CARABANCHEL,27.0,7.0,44.0,13.0,15.0,27.0,1.0,134.0
2022,abril,USERA,18.0,5.0,18.0,4.0,8.0,23.0,2.0,78.0
2022,abril,PUENTE VALLECAS,19.0,7.0,26.0,13.0,21.0,16.0,6.0,108.0
2022,abril,MORATALAZ,4.0,1.0,9.0,5.0,7.0,5.0,1.0,32.0
2022,abril,CIUDAD LINEAL,16.0,9.0,28.0,7.0,17.0,16.0,2.0,95.0
2022,abril,HORTALEZA,11.0,3.0,19.0,8.0,25.0,17.0,0.0,83.0
2022,abril,VILLAVERDE,19.0,3.0,24.0,10.0,9.0,14.0,4.0,83.0
2022,abril,VILLA DE VALLECAS,9.0,4.0,10.0,3.0,12.0,6.0,0.0,44.0
2022,abril,VICALVARO,8.0,0.0,9.0,5.0,3.0,7.0,3.0,35.0
2022,abril,SAN BLAS,14.0,4.0,18.0,1.0,18.0,8.0,9.0,72.0
2022,abril,BARAJAS,4.0,0.0,3.0,1.0,2.0,5.0,2.0,17.0
2022,abril,FUERA TERMINO MUNICIPAL,0.0,0.0,0.0,0.0,0.0,1.0,0.0,1.0
2022,marzo,CENTRO,36.0,23.0,68.0,16.0,16.0,51.0,9.0,219.0
2022,marzo,ARGANZUELA,14.0,3.0,22.0,9.0,19.0,11.0,5.0,83.0
2022,marzo,RETIRO,8.0,8.0,19.0,7.0,4.0,7.0,2.0,55.0
2022,marzo,SALAMANCA,17.0,11.0,22.0,8.0,10.0,15.0,8.0,91.0
2022,marzo,CHAMARTIN,14.0,5.0,20.0,7.0,11.0,15.0,7.0,79.0
2022,marzo,TETUAN,12.0,9.0,35.0,9.0,7.0,16.0,1.0,89.0
2022,marzo,CHAMBERI,11.0,7.0,26.0,6.0,15.0,17.0,0.0,82.0
2022,marzo,FUENCARRAL,14.0,2.0,20.0,12.0,17.0,22.0,4.0,91.0
2022,marzo,MONCLOA,8.0,7.0,26.0,8.0,14.0,18.0,3.0,84.0
2022,marzo,LATINA,13.0,5.0,32.0,6.0,11.0,21.0,7.0,95.0
2022,marzo,CARABANCHEL,13.0,8.0,43.0,6.0,15.0,22.0,6.0,113.0
2022,marzo,USERA,6.0,3.0,22.0,5.0,11.0,23.0,2.0,72.0
2022,marzo,PUENTE VALLECAS,23.0,7.0,32.0,12.0,15.0,17.0,3.0,109.0
2022,marzo,MORATALAZ,11.0,0.0,15.0,4.0,3.0,7.0,0.0,40.0
2022,marzo,CIUDAD LINEAL,12.0,2.0,20.0,5.0,8.0,12.0,1.0,60.0
2022,marzo,HORTALEZA,14.0,7.0,14.0,5.0,8.0,16.0,5.0,69.0
2022,marzo,VILLAVERDE,31.0,3.0,22.0,11.0,9.0,18.0,3.0,97.0
2022,marzo,VILLA DE VALLECAS,18.0,2.0,12.0,3.0,3.0,12.0,1.0,51.0
2022,marzo,VICALVARO,12.0,1.0,8.0,2.0,1.0,5.0,0.0,29.0
2022,marzo,SAN BLAS,10.0,3.0,19.0,6.0,15.0,14.0,2.0,69.0
2022,marzo,BARAJAS,4.0,0.0,8.0,1.0,3.0,6.0,1.0,23.0
2022,marzo,FUERA TERMINO MUNICIPAL,2.0,0.0,1.0,0.0,0.0,1.0,0.0,4.0
2022,febrero,CENTRO,30.0,15.0,46.0,13.0,18.0,48.0,4.0,174.0
2022,febrero,ARGANZUELA,12.0,2.0,18.0,11.0,12.0,12.0,4.0,71.0
2022,febrero,RETIRO,11.0,2.0,20.0,5.0,3.0,3.0,1.0,45.0
2022,febrero,SALAMANCA,7.0,5.0,34.0,10.0,11.0,12.0,9.0,88.0
2022,febrero,CHAMARTIN,7.0,2.0,20.0,6.0,13.0,19.0,8.0,75.0
2022,febrero,TETUAN,12.0,1.0,18.0,12.0,10.0,23.0,2.0,78.0
2022,febrero,CHAMBERI,12.0,7.0,27.0,9.0,9.0,13.0,4.0,81.0
2022,febrero,FUENCARRAL,16.0,6.0,23.0,7.0,10.0,21.0,4.0,87.0
2022,febrero,MONCLOA,11.0,2.0,21.0,5.0,12.0,12.0,7.0,70.0
2022,febrero,LATINA,17.0,6.0,19.0,4.0,7.0,20.0,4.0,77.0
2022,febrero,CARABANCHEL,30.0,3.0,36.0,7.0,7.0,25.0,6.0,114.0
2022,febrero,USERA,13.0,2.0,15.0,2.0,11.0,10.0,4.0,57.0
2022,febrero,PUENTE VALLECAS,36.0,1.0,40.0,6.0,13.0,20.0,5.0,121.0
2022,febrero,MORATALAZ,13.0,0.0,14.0,2.0,1.0,9.0,3.0,42.0
2022,febrero,CIUDAD LINEAL,18.0,3.0,28.0,8.0,13.0,13.0,4.0,87.0
2022,febrero,HORTALEZA,18.0,0.0,18.0,4.0,11.0,23.0,3.0,77.0
2022,febrero,VILLAVERDE,19.0,1.0,18.0,2.0,11.0,17.0,4.0,72.0
2022,febrero,VILLA DE VALLECAS,16.0,0.0,13.0,3.0,3.0,5.0,2.0,42.0
2022,febrero,VICALVARO,14.0,1.0,9.0,3.0,1.0,10.0,0.0,38.0
2022,febrero,SAN BLAS,15.0,5.0,20.0,2.0,8.0,8.0,9.0,67.0
2022,febrero,BARAJAS,5.0,1.0,4.0,3.0,4.0,5.0,3.0,25.0
2022,febrero,FUERA DEL TÉRMINO MUNICIPAL,1.0,0.0,0.0,0.0,0.0,2.0,0.0,3.0
2022,enero,CENTRO,9.0,6.0,21.0,9.0,8.0,15.0,2.0,70.0
2022,enero,ARGANZUELA,8.0,1.0,5.0,8.0,6.0,5.0,0.0,33.0
2022,enero,RETIRO,2.0,0.0,4.0,3.0,3.0,0.0,2.0,14.0
2022,enero,SALAMANCA,3.0,3.0,16.0,4.0,5.0,8.0,2.0,41.0
2022,enero,CHAMARTIN,7.0,1.0,11.0,3.0,1.0,5.0,1.0,29.0
2022,enero,TETUAN,6.0,2.0,12.0,6.0,4.0,7.0,0.0,37.0
2022,enero,CHAMBERI,8.0,4.0,10.0,2.0,6.0,7.0,0.0,37.0
2022,enero,FUENCARRAL,11.0,0.0,17.0,3.0,7.0,6.0,2.0,46.0
2022,enero,MONCLOA,6.0,2.0,4.0,0.0,3.0,7.0,1.0,23.0
2022,enero,LATINA,9.0,2.0,17.0,4.0,9.0,4.0,2.0,47.0
2022,enero,CARABANCHEL,7.0,2.0,10.0,4.0,2.0,12.0,1.0,38.0
2022,enero,USERA,9.0,2.0,6.0,3.0,4.0,10.0,1.0,35.0
2022,enero,PUENTE VALLECAS,17.0,3.0,18.0,7.0,4.0,10.0,1.0,60.0
2022,enero,MORATALAZ,3.0,0.0,8.0,0.0,3.0,7.0,0.0,21.0
2022,enero,CIUDAD LINEAL,7.0,2.0,25.0,4.0,4.0,8.0,0.0,50.0
2022,enero,HORTALEZA,8.0,1.0,7.0,0.0,4.0,5.0,1.0,26.0
2022,enero,VILLAVERDE,11.0,2.0,9.0,6.0,3.0,7.0,1.0,39.0
2022,enero,VILLA DE VALLECAS,10.0,1.0,9.0,3.0,3.0,7.0,0.0,33.0
2022,enero,VICALVARO,7.0,0.0,7.0,0.0,2.0,0.0,2.0,18.0
2022,enero,SAN BLAS,6.0,2.0,9.0,1.0,1.0,8.0,3.0,30.0
2022,enero,BARAJAS,4.0,0.0,2.0,0.0,1.0,3.0,0.0,10.0
2023,octubre,CENTRO,37.0,50.0,84.0,40.0,91.0,18.0,11.0,331.0
2023,octubre,ARGANZUELA,12.0,11.0,26.0,12.0,50.0,7.0,1.0,119.0
2023,octubre,RETIRO,6.0,10.0,28.0,7.0,22.0,5.0,4.0,82.0
2023,octubre,SALAMANCA,15.0,15.0,54.0,17.0,45.0,7.0,3.0,156.0
2023,octubre,CHAMARTIN,20.0,20.0,20.0,21.0,52.0,5.0,9.0,147.0
2023,octubre,TETUAN,24.0,18.0,29.0,13.0,36.0,6.0,5.0,131.0
2023,octubre,CHAMBERI,19.0,22.0,38.0,13.0,43.0,3.0,2.0,140.0
2023,octubre,FUENCARRAL,23.0,12.0,35.0,16.0,71.0,6.0,10.0,173.0
2023,octubre,MONCLOA,13.0,11.0,21.0,17.0,58.0,5.0,3.0,128.0
2023,octubre,LATINA,23.0,17.0,37.0,18.0,58.0,9.0,2.0,164.0
2023,octubre,CARABANCHEL,34.0,21.0,45.0,26.0,81.0,6.0,4.0,217.0
2023,octubre,USERA,13.0,9.0,30.0,19.0,37.0,3.0,2.0,113.0
2023,octubre,PUENTE VALLECAS,28.0,16.0,44.0,31.0,45.0,6.0,8.0,178.0
2023,octubre,MORATALAZ,10.0,2.0,21.0,11.0,21.0,5.0,3.0,73.0
2023,octubre,CIUDAD LINEAL,21.0,17.0,41.0,18.0,52.0,4.0,3.0,156.0
2023,octubre,HORTALEZA,22.0,15.0,28.0,20.0,58.0,4.0,0.0,147.0
2023,octubre,VILLAVERDE,38.0,8.0,30.0,23.0,41.0,2.0,5.0,147.0
2023,octubre,VILLA DE VALLECAS,20.0,3.0,18.0,9.0,19.0,1.0,9.0,79.0
2023,octubre,VICALVARO,6.0,0.0,6.0,7.0,20.0,1.0,1.0,41.0
2023,octubre,SAN BLAS,24.0,8.0,22.0,20.0,45.0,9.0,4.0,132.0
2023,octubre,BARAJAS,2.0,4.0,9.0,9.0,12.0,6.0,0.0,42.0
2023,octubre,FUERA TERMINO MUNICIPAL,0.0,0.0,2.0,0.0,0.0,0.0,0.0,2.0
2023,septiembre,CENTRO,31.0,46.0,75.0,37.0,68.0,10.0,7.0,274.0
2023,septiembre,ARGANZUELA,16.0,11.0,34.0,16.0,21.0,6.0,4.0,108.0
2023,septiembre,RETIRO,9.0,11.0,29.0,14.0,27.0,4.0,0.0,94.0
2023,septiembre,SALAMANCA,14.0,34.0,42.0,34.0,27.0,5.0,4.0,160.0
2023,septiembre,CHAMARTIN,8.0,13.0,20.0,16.0,49.0,2.0,6.0,114.0
2023,septiembre,TETUAN,20.0,22.0,41.0,36.0,23.0,5.0,2.0,149.0
2023,septiembre,CHAMBERI,13.0,28.0,51.0,28.0,29.0,2.0,1.0,152.0
2023,septiembre,FUENCARRAL,16.0,6.0,31.0,43.0,53.0,4.0,3.0,156.0
2023,septiembre,MONCLOA,9.0,13.0,30.0,18.0,36.0,5.0,4.0,115.0
2023,septiembre,LATINA,31.0,10.0,58.0,27.0,38.0,3.0,1.0,168.0
2023,septiembre,CARABANCHEL,24.0,11.0,37.0,42.0,51.0,9.0,0.0,174.0
2023,septiembre,USERA,12.0,7.0,25.0,28.0,28.0,4.0,3.0,107.0
2023,septiembre,PUENTE VALLECAS,29.0,12.0,50.0,41.0,50.0,4.0,0.0,186.0
2023,septiembre,MORATALAZ,8.0,1.0,22.0,10.0,27.0,3.0,0.0,71.0
2023,septiembre,CIUDAD LINEAL,9.0,17.0,41.0,24.0,39.0,5.0,2.0,137.0
2023,septiembre,HORTALEZA,10.0,9.0,22.0,29.0,49.0,3.0,2.0,124.0
2023,septiembre,VILLAVERDE,22.0,6.0,29.0,19.0,31.0,3.0,0.0,110.0
2023,septiembre,VILLA DE VALLECAS,15.0,6.0,33.0,15.0,16.0,2.0,3.0,90.0
2023,septiembre,VICALVARO,15.0,4.0,13.0,15.0,12.0,2.0,0.0,61.0
2023,septiembre,SAN BLAS,13.0,13.0,37.0,31.0,30.0,2.0,4.0,130.0
2023,septiembre,BARAJAS,5.0,2.0,6.0,22.0,20.0,4.0,7.0,66.0
2023,septiembre,FUERA TERMINO MUNICIPAL,1.0,0.0,1.0,0.0,3.0,0.0,0.0,5.0
2023,agosto,CENTRO,54.0,24.0,76.0,21.0,56.0,10.0,6.0,247.0
2023,agosto,ARGANZUELA,14.0,12.0,29.0,16.0,48.0,3.0,3.0,125.0
2023,agosto,RETIRO,10.0,2.0,26.0,13.0,23.0,4.0,0.0,78.0
2023,agosto,SALAMANCA,20.0,15.0,25.0,19.0,29.0,6.0,0.0,114.0
2023,agosto,CHAMARTIN,20.0,7.0,30.0,13.0,51.0,7.0,1.0,129.0
2023,agosto,TETUAN,28.0,4.0,35.0,27.0,22.0,4.0,2.0,122.0
2023,agosto,CHAMBERI,5.0,4.0,35.0,14.0,29.0,3.0,0.0,90.0
2023,agosto,FUENCARRAL,28.0,10.0,38.0,19.0,51.0,4.0,1.0,151.0
2023,agosto,MONCLOA,26.0,9.0,32.0,18.0,50.0,1.0,2.0,138.0
2023,agosto,LATINA,39.0,5.0,52.0,22.0,49.0,7.0,0.0,174.0
2023,agosto,CARABANCHEL,37.0,11.0,71.0,19.0,37.0,7.0,1.0,183.0
2023,agosto,USERA,24.0,0.0,30.0,7.0,33.0,5.0,3.0,102.0
2023,agosto,PUENTE VALLECAS,42.0,15.0,57.0,20.0,44.0,5.0,1.0,184.0
2023,agosto,MORATALAZ,10.0,2.0,20.0,11.0,14.0,0.0,1.0,58.0
2023,agosto,CIUDAD LINEAL,17.0,7.0,38.0,16.0,47.0,3.0,2.0,130.0
2023,agosto,HORTALEZA,24.0,5.0,34.0,20.0,61.0,7.0,0.0,151.0
2023,agosto,VILLAVERDE,45.0,5.0,24.0,12.0,43.0,1.0,0.0,130.0
2023,agosto,VILLA DE VALLECAS,43.0,5.0,25.0,5.0,19.0,4.0,0.0,101.0
2023,agosto,VICALVARO,10.0,1.0,18.0,2.0,19.0,1.0,2.0,53.0
2023,agosto,SAN BLAS,34.0,7.0,29.0,10.0,27.0,1.0,2.0,110.0
2023,agosto,BARAJAS,12.0,2.0,8.0,4.0,12.0,4.0,0.0,42.0
2023,agosto,FUERA TERMINO MUNICIPAL,4.0,0.0,2.0,0.0,0.0,0.0,1.0,7.0
2023,julio,CENTRO,50.0,32.0,67.0,32.0,59.0,29.0,18.0,287.0
2023,julio,ARGANZUELA,12.0,7.0,34.0,11.0,30.0,12.0,1.0,107.0
2023,julio,RETIRO,12.0,5.0,31.0,10.0,21.0,5.0,1.0,85.0
2023,julio,SALAMANCA,27.0,9.0,42.0,13.0,35.0,13.0,1.0,140.0
2023,julio,CHAMARTIN,19.0,4.0,26.0,17.0,38.0,8.0,1.0,113.0
2023,julio,TETUAN,29.0,9.0,49.0,16.0,15.0,7.0,4.0,129.0
2023,julio,CHAMBERI,25.0,8.0,37.0,10.0,22.0,5.0,2.0,109.0
2023,julio,FUENCARRAL,29.0,6.0,50.0,16.0,33.0,13.0,2.0,149.0
2023,julio,MONCLOA,22.0,7.0,30.0,12.0,54.0,10.0,7.0,142.0
2023,julio,LATINA,37.0,11.0,53.0,19.0,41.0,9.0,1.0,171.0
2023,julio,CARABANCHEL,38.0,13.0,53.0,14.0,33.0,6.0,0.0,157.0
2023,julio,USERA,28.0,4.0,34.0,12.0,28.0,5.0,4.0,115.0
2023,julio,PUENTE VALLECAS,41.0,10.0,63.0,24.0,41.0,8.0,2.0,189.0
2023,julio,MORATALAZ,9.0,3.0,15.0,8.0,12.0,6.0,1.0,54.0
2023,julio,CIUDAD LINEAL,24.0,9.0,55.0,10.0,45.0,9.0,0.0,152.0
2023,julio,HORTALEZA,24.0,4.0,37.0,7.0,40.0,4.0,0.0,116.0
2023,julio,VILLAVERDE,42.0,3.0,33.0,2.0,26.0,12.0,8.0,126.0
2023,julio,VILLA DE VALLECAS,36.0,3.0,30.0,5.0,17.0,9.0,1.0,101.0
2023,julio,VICALVARO,13.0,2.0,19.0,11.0,9.0,3.0,8.0,65.0
2023,julio,SAN BLAS,27.0,6.0,30.0,14.0,27.0,9.0,4.0,117.0
2023,julio,BARAJAS,6.0,1.0,7.0,1.0,9.0,0.0,2.0,26.0
2023,julio,FUERA TERMINO MUNICIPAL,0.0,0.0,0.0,0.0,0.0,1.0,0.0,1.0
2023,junio,CENTRO,44.0,33.0,57.0,22.0,50.0,34.0,18.0,258.0
2023,junio,ARGANZUELA,11.0,8.0,24.0,13.0,27.0,16.0,9.0,108.0
2023,junio,RETIRO,11.0,6.0,20.0,9.0,16.0,7.0,3.0,72.0
2023,junio,SALAMANCA,15.0,15.0,26.0,15.0,40.0,20.0,2.0,133.0
2023,junio,CHAMARTIN,9.0,5.0,30.0,7.0,31.0,8.0,6.0,96.0
2023,junio,TETUAN,18.0,9.0,21.0,13.0,29.0,8.0,5.0,103.0
2023,junio,CHAMBERI,15.0,14.0,41.0,11.0,24.0,16.0,9.0,130.0
2023,junio,FUENCARRAL,20.0,6.0,28.0,18.0,42.0,23.0,9.0,146.0
2023,junio,MONCLOA,14.0,3.0,33.0,13.0,43.0,11.0,6.0,123.0
2023,junio,LATINA,21.0,11.0,41.0,12.0,40.0,11.0,8.0,144.0
2023,junio,CARABANCHEL,22.0,15.0,38.0,16.0,48.0,27.0,9.0,175.0
2023,junio,USERA,10.0,4.0,22.0,7.0,18.0,8.0,5.0,74.0
2023,junio,PUENTE VALLECAS,41.0,2.0,32.0,22.0,39.0,14.0,5.0,155.0
2023,junio,MORATALAZ,5.0,2.0,16.0,8.0,10.0,5.0,2.0,48.0
2023,junio,CIUDAD LINEAL,29.0,11.0,36.0,17.0,45.0,24.0,2.0,164.0
2023,junio,HORTALEZA,17.0,4.0,27.0,8.0,36.0,16.0,3.0,111.0
2023,junio,VILLAVERDE,19.0,5.0,18.0,10.0,28.0,11.0,4.0,95.0
2023,junio,VILLA DE VALLECAS,21.0,4.0,16.0,5.0,15.0,15.0,1.0,77.0
2023,junio,VICALVARO,12.0,1.0,12.0,3.0,12.0,7.0,6.0,53.0
2023,junio,SAN BLAS,26.0,4.0,17.0,23.0,31.0,13.0,4.0,118.0
2023,junio,BARAJAS,5.0,4.0,5.0,1.0,20.0,4.0,6.0,45.0
2023,junio,FUERA TERMINO MUNICIPAL,1.0,0.0,0.0,0.0,2.0,0.0,2.0,5.0
2023,mayo,CENTRO,51.0,29.0,45.0,34.0,60.0,40.0,20.0,279.0
2023,mayo,ARGANZUELA,16.0,3.0,19.0,10.0,27.0,25.0,6.0,106.0
2023,mayo,RETIRO,9.0,5.0,19.0,9.0,18.0,9.0,2.0,71.0
2023,mayo,SALAMANCA,9.0,12.0,33.0,17.0,35.0,17.0,5.0,128.0
2023,mayo,CHAMARTIN,21.0,11.0,16.0,8.0,33.0,11.0,8.0,108.0
2023,mayo,TETUAN,18.0,17.0,28.0,15.0,22.0,17.0,4.0,121.0
2023,mayo,CHAMBERI,20.0,14.0,32.0,13.0,16.0,18.0,4.0,117.0
2023,mayo,FUENCARRAL,27.0,4.0,28.0,20.0,43.0,21.0,8.0,151.0
2023,mayo,MONCLOA,29.0,5.0,25.0,12.0,30.0,16.0,14.0,131.0
2023,mayo,LATINA,32.0,12.0,28.0,22.0,43.0,20.0,15.0,172.0
2023,mayo,CARABANCHEL,28.0,12.0,40.0,15.0,42.0,25.0,11.0,173.0
2023,mayo,USERA,23.0,7.0,27.0,16.0,27.0,15.0,4.0,119.0
2023,mayo,PUENTE VALLECAS,28.0,4.0,33.0,18.0,40.0,23.0,9.0,155.0
2023,mayo,MORATALAZ,22.0,1.0,13.0,1.0,17.0,6.0,0.0,60.0
2023,mayo,CIUDAD LINEAL,18.0,6.0,24.0,4.0,37.0,20.0,3.0,112.0
2023,mayo,HORTALEZA,23.0,9.0,19.0,19.0,39.0,23.0,2.0,134.0
2023,mayo,VILLAVERDE,30.0,3.0,14.0,7.0,27.0,14.0,2.0,97.0
2023,mayo,VILLA DE VALLECAS,15.0,2.0,17.0,1.0,16.0,13.0,1.0,65.0
2023,mayo,VICALVARO,12.0,3.0,7.0,6.0,12.0,6.0,1.0,47.0
2023,mayo,SAN BLAS,26.0,4.0,18.0,14.0,20.0,16.0,6.0,104.0
2023,mayo,BARAJAS,2.0,2.0,10.0,11.0,11.0,2.0,1.0,39.0
2023,mayo,FUERA TERMINO MUNICIPAL,2.0,0.0,0.0,0.0,0.0,1.0,6.0,9.0
2023,abril,CENTRO,30.0,14.0,62.0,19.0,45.0,39.0,14.0,223.0
2023,abril,ARGANZUELA,11.0,9.0,23.0,12.0,22.0,11.0,1.0,89.0
2023,abril,RETIRO,15.0,3.0,17.0,6.0,15.0,7.0,2.0,65.0
2023,abril,SALAMANCA,18.0,11.0,30.0,8.0,24.0,13.0,7.0,111.0
2023,abril,CHAMARTIN,17.0,8.0,21.0,11.0,24.0,7.0,10.0,98.0
2023,abril,TETUAN,32.0,6.0,38.0,11.0,11.0,11.0,6.0,115.0
2023,abril,CHAMBERI,18.0,10.0,32.0,7.0,15.0,11.0,4.0,97.0
2023,abril,FUENCARRAL,21.0,3.0,30.0,6.0,22.0,14.0,10.0,106.0
2023,abril,MONCLOA,28.0,6.0,28.0,9.0,29.0,14.0,10.0,124.0
2023,abril,LATINA,33.0,5.0,43.0,5.0,19.0,10.0,3.0,118.0
2023,abril,CARABANCHEL,28.0,9.0,35.0,14.0,27.0,14.0,1.0,128.0
2023,abril,USERA,24.0,8.0,30.0,8.0,12.0,13.0,8.0,103.0
2023,abril,PUENTE VALLECAS,45.0,9.0,43.0,15.0,27.0,14.0,9.0,162.0
2023,abril,MORATALAZ,10.0,1.0,21.0,2.0,12.0,7.0,1.0,54.0
2023,abril,CIUDAD LINEAL,30.0,8.0,42.0,16.0,13.0,9.0,2.0,120.0
2023,abril,HORTALEZA,33.0,4.0,20.0,3.0,24.0,11.0,3.0,98.0
2023,abril,VILLAVERDE,32.0,4.0,21.0,7.0,17.0,5.0,4.0,90.0
2023,abril,VILLA DE VALLECAS,24.0,1.0,18.0,5.0,11.0,9.0,2.0,70.0
2023,abril,VICALVARO,7.0,1.0,9.0,3.0,7.0,4.0,3.0,34.0
2023,abril,SAN BLAS,13.0,3.0,32.0,8.0,17.0,6.0,4.0,83.0
2023,abril,BARAJAS,14.0,0.0,5.0,1.0,7.0,2.0,2.0,31.0
2023,abril,FUERA TERMINO MUNICIPAL,0.0,0.0,1.0,0.0,0.0,0.0,4.0,5.0
2023,marzo,CENTRO,46.0,25.0,78.0,24.0,72.0,32.0,11.0,288.0
2023,marzo,ARGANZUELA,16.0,6.0,23.0,5.0,18.0,12.0,2.0,82.0
2023,marzo,RETIRO,14.0,9.0,11.0,6.0,9.0,7.0,1.0,57.0
2023,marzo,SALAMANCA,17.0,16.0,44.0,9.0,21.0,7.0,9.0,123.0
2023,marzo,CHAMARTIN,14.0,5.0,30.0,6.0,20.0,8.0,6.0,89.0
2023,marzo,TETUAN,13.0,8.0,38.0,12.0,23.0,5.0,4.0,103.0
2023,marzo,CHAMBERI,13.0,11.0,30.0,9.0,16.0,6.0,4.0,89.0
2023,marzo,FUENCARRAL,18.0,3.0,31.0,11.0,26.0,6.0,4.0,99.0
2023,marzo,MONCLOA,11.0,11.0,23.0,5.0,19.0,7.0,1.0,77.0
2023,marzo,LATINA,23.0,7.0,29.0,7.0,15.0,13.0,7.0,101.0
2023,marzo,CARABANCHEL,35.0,4.0,30.0,9.0,26.0,16.0,0.0,120.0
2023,marzo,USERA,15.0,4.0,21.0,5.0,17.0,7.0,2.0,71.0
2023,marzo,PUENTE VALLECAS,36.0,10.0,49.0,8.0,21.0,16.0,3.0,143.0
2023,marzo,MORATALAZ,14.0,2.0,24.0,2.0,10.0,2.0,1.0,55.0
2023,marzo,CIUDAD LINEAL,18.0,6.0,30.0,11.0,29.0,8.0,1.0,103.0
2023,marzo,HORTALEZA,14.0,1.0,27.0,7.0,27.0,10.0,3.0,89.0
2023,marzo,VILLAVERDE,21.0,8.0,28.0,5.0,13.0,6.0,7.0,88.0
2023,marzo,VILLA DE VALLECAS,27.0,3.0,19.0,5.0,10.0,8.0,3.0,75.0
2023,marzo,VICALVARO,9.0,2.0,9.0,5.0,5.0,1.0,3.0,34.0
2023,marzo,SAN BLAS,11.0,6.0,25.0,5.0,14.0,6.0,2.0,69.0
2023,marzo,BARAJAS,5.0,0.0,3.0,1.0,7.0,6.0,1.0,23.0
2023,marzo,FUERA TERMINO MUNICIPAL,0.0,0.0,1.0,0.0,0.0,2.0,3.0,6.0
2023,febrero,CENTRO,25.0,17.0,41.0,20.0,33.0,24.0,9.0,169.0
2023,febrero,ARGANZUELA,14.0,1.0,13.0,15.0,12.0,8.0,4.0,67.0
2023,febrero,RETIRO,9.0,4.0,19.0,4.0,15.0,9.0,2.0,62.0
2023,febrero,SALAMANCA,20.0,8.0,28.0,10.0,23.0,5.0,7.0,101.0
2023,febrero,CHAMARTIN,14.0,5.0,20.0,5.0,18.0,7.0,6.0,75.0
2023,febrero,TETUAN,12.0,7.0,26.0,9.0,16.0,8.0,1.0,79.0
2023,febrero,CHAMBERI,15.0,4.0,22.0,11.0,20.0,6.0,8.0,86.0
2023,febrero,FUENCARRAL,14.0,2.0,20.0,7.0,12.0,12.0,9.0,76.0
2023,febrero,MONCLOA,9.0,3.0,11.0,6.0,9.0,11.0,8.0,57.0
2023,febrero,LATINA,26.0,6.0,27.0,5.0,12.0,16.0,4.0,96.0
2023,febrero,CARABANCHEL,27.0,6.0,29.0,9.0,16.0,14.0,4.0,105.0
2023,febrero,USERA,16.0,2.0,16.0,7.0,17.0,3.0,5.0,66.0
2023,febrero,PUENTE VALLECAS,34.0,2.0,23.0,13.0,22.0,9.0,36.0,139.0
2023,febrero,MORATALAZ,12.0,0.0,11.0,1.0,5.0,5.0,0.0,34.0
2023,febrero,CIUDAD LINEAL,25.0,6.0,28.0,12.0,14.0,6.0,4.0,95.0
2023,febrero,HORTALEZA,13.0,6.0,16.0,6.0,14.0,5.0,4.0,64.0
2023,febrero,VILLAVERDE,18.0,2.0,17.0,9.0,6.0,5.0,9.0,66.0
2023,febrero,VILLA DE VALLECAS,24.0,2.0,15.0,4.0,14.0,7.0,4.0,70.0
2023,febrero,VICALVARO,8.0,1.0,11.0,1.0,9.0,2.0,5.0,37.0
2023,febrero,SAN BLAS,23.0,4.0,19.0,3.0,16.0,9.0,3.0,77.0
2023,febrero,BARAJAS,2.0,0.0,4.0,2.0,7.0,5.0,3.0,23.0
2023,febrero,FUERA TERMINO MUNICIPAL,2.0,0.0,1.0,0.0,2.0,2.0,1.0,8.0
2023,enero,CENTRO,35.0,35.0,52.0,21.0,38.0,61.0,3.0,245.0
2023,enero,ARGANZUELA,15.0,13.0,28.0,6.0,25.0,25.0,3.0,115.0
2023,enero,RETIRO,4.0,7.0,12.0,6.0,8.0,15.0,6.0,58.0
2023,enero,SALAMANCA,8.0,9.0,23.0,8.0,20.0,28.0,7.0,103.0
2023,enero,CHAMARTIN,17.0,11.0,21.0,4.0,17.0,20.0,10.0,100.0
2023,enero,TETUAN,16.0,9.0,25.0,13.0,14.0,24.0,4.0,105.0
2023,enero,CHAMBERI,7.0,14.0,28.0,15.0,16.0,24.0,3.0,107.0
2023,enero,FUENCARRAL,21.0,6.0,24.0,11.0,28.0,23.0,4.0,117.0
2023,enero,MONCLOA,9.0,13.0,14.0,6.0,32.0,24.0,8.0,106.0
2023,enero,LATINA,20.0,5.0,32.0,13.0,26.0,36.0,11.0,143.0
2023,enero,CARABANCHEL,21.0,11.0,31.0,4.0,19.0,33.0,2.0,121.0
2023,enero,USERA,23.0,7.0,13.0,4.0,21.0,19.0,6.0,93.0
2023,enero,PUENTE VALLECAS,33.0,11.0,41.0,6.0,38.0,32.0,41.0,202.0
2023,enero,MORATALAZ,6.0,0.0,13.0,6.0,5.0,15.0,1.0,46.0
2023,enero,CIUDAD LINEAL,11.0,5.0,29.0,10.0,33.0,35.0,3.0,126.0
2023,enero,HORTALEZA,9.0,8.0,15.0,7.0,24.0,17.0,0.0,80.0
2023,enero,VILLAVERDE,17.0,4.0,14.0,2.0,16.0,17.0,3.0,73.0
2023,enero,VILLA DE VALLECAS,15.0,7.0,19.0,5.0,7.0,22.0,2.0,77.0
2023,enero,VICALVARO,9.0,5.0,8.0,3.0,8.0,6.0,2.0,41.0
2023,enero,SAN BLAS,16.0,3.0,25.0,4.0,10.0,20.0,1.0,79.0
2023,enero,BARAJAS,1.0,2.0,4.0,2.0,15.0,13.0,8.0,45.0
2023,enero,FUERA DEL TÉRMINO MUNICIPAL,0.0,0.0,0.0,0.0,2.0,1.0,0.0,3.0
